nganh_cap_1,nganh_cap_2,nganh_cap_3,nganh_cap_4,nganh_cap_5,ma_nganh,mo_ta_vi_du
Thời Trang Nữ,Áo,Áo hai dây và ba lỗ,-,-,100350,
Thời Trang Nữ,Áo,Áo ống,-,-,100351,
Thời Trang Nữ,Áo,Áo thun,-,-,100352,
Thời Trang Nữ,Áo,Áo sơ mi,-,-,100353,
Thời Trang Nữ,Áo,Áo polo,-,-,100354,
Thời Trang Nữ,Áo,Áo liền thân,-,-,100355,
Thời Trang Nữ,Quần,Quần legging,-,-,100357,
Thời Trang Nữ,Quần,Quần dài,-,-,100358,
Thời Trang Nữ,Quần đùi,Quần đùi,-,-,100360,
Thời Trang Nữ,Quần đùi,Quần váy,-,-,100361,
Thời Trang Nữ,Váy,-,-,-,100102,
Thời Trang Nữ,Quần jeans,-,-,-,100103,
Thời Trang Nữ,Đầm,-,-,-,100104,
Thời Trang Nữ,Váy cưới,-,-,-,100105,
Thời Trang Nữ,Đồ liền thân,Đồ bay (Jumpsuits),-,-,100363,
Thời Trang Nữ,Đồ liền thân,Đồ bay ngắn (playsuits),-,-,100364,
Thời Trang Nữ,Đồ liền thân,Quần yếm,-,-,100365,
Thời Trang Nữ,Áo khoác,Áo khoác mùa đông,-,-,100367,
Thời Trang Nữ,Áo khoác,Áo choàng,-,-,100368,
Thời Trang Nữ,Áo khoác,Áo blazer,-,-,100369,
Thời Trang Nữ,Áo khoác,Áo khoác ngoài,-,-,100370,
Thời Trang Nữ,Áo khoác,Áo vest,-,-,100371,
Thời Trang Nữ,Áo len,-,-,-,100108,
Thời Trang Nữ,Hoodie và Áo nỉ,Áo khoác nỉ,-,-,100373,
Thời Trang Nữ,Hoodie và Áo nỉ,Áo hoodies,-,-,100374,
Thời Trang Nữ,Bộ,Bộ đồ đôi,-,-,100376,
Thời Trang Nữ,Bộ,Bộ đồ gia đình,-,-,100377,
Thời Trang Nữ,Bộ,Đồ lẻ,-,-,100378,
Thời Trang Nữ,Đồ lót,Bộ đồ lót,-,-,100380,
Thời Trang Nữ,Đồ lót,Áo ngực,-,-,100381,
Thời Trang Nữ,Đồ lót,Quần lót,-,-,100382,
Thời Trang Nữ,Đồ lót,Đồ lót giữ nhiệt,-,-,100383,
Thời Trang Nữ,Đồ lót,Phụ kiện đồ lót,Dây áo lót,-,100523,
Thời Trang Nữ,Đồ lót,Phụ kiện đồ lót,Miếng mút rời,-,100524,
Thời Trang Nữ,Đồ lót,Phụ kiện đồ lót,Miếng dán ngực,-,100525,
Thời Trang Nữ,Đồ lót,Đồ định hình,-,-,100385,
Thời Trang Nữ,Đồ lót,Đồ lót bảo hộ,-,-,100386,
Thời Trang Nữ,Đồ lót,Đồ lót gợi cảm,-,-,100387,
Thời Trang Nữ,Đồ ngủ,Pyjama,-,-,100389,
Thời Trang Nữ,Đồ ngủ,Váy ngủ,-,-,100390,
Thời Trang Nữ,Đồ ngủ,"Áo choàng ngủ, Áo khoác kimono",-,-,100391,
Thời Trang Nữ,Đồ Bầu,Áo ngực cho con bú,-,-,100393,
Thời Trang Nữ,Đồ Bầu,Đầm bầu,-,-,100394,
Thời Trang Nữ,Đồ Bầu,Áo bầu,-,-,100395,
Thời Trang Nữ,Đồ Bầu,Đồ mặc cho con bú,-,-,100396,
Thời Trang Nữ,Đồ Bầu,Bộ đồ bầu,-,-,100397,
Thời Trang Nữ,Đồ Bầu,"Quần bầu, Váy bầu",-,-,100398,
Thời Trang Nữ,Đồ truyền thống,Áo,-,-,100400,
Thời Trang Nữ,Đồ truyền thống,Quần và chân váy,-,-,100401,
Thời Trang Nữ,Đồ truyền thống,Bộ,-,-,100402,
Thời Trang Nữ,Đồ truyền thống,Đầm,-,-,100403,
Thời Trang Nữ,Đồ truyền thống,Khác,-,-,100404,
Thời Trang Nữ,Đồ hóa trang,-,-,-,100115,
Thời Trang Nữ,Vải,Vải cotton,-,-,100407,
Thời Trang Nữ,Vải,Vải len,-,-,100408,
Thời Trang Nữ,Vải,"Vải nhung, lụa, satin",-,-,100409,
Thời Trang Nữ,Vải,Vải da,-,-,100410,
Thời Trang Nữ,Vải,Vải nylon,-,-,100411,
Thời Trang Nữ,Vải,Vải denim,-,-,100412,
Thời Trang Nữ,Vải,Vải canvas,-,-,100413,
Thời Trang Nữ,Vớ/ Tất,Tất,-,-,100417,
Thời Trang Nữ,Vớ/ Tất,Quần tất,-,-,100418,
Thời Trang Nam,Quần jean,-,-,-,100047,
Thời Trang Nam,Hoodie & Áo nỉ,Áo hoodie,-,-,100226,
Thời Trang Nam,Hoodie & Áo nỉ,Áo nỉ,-,-,100227,
Thời Trang Nam,Áo len,-,-,-,100049,
Thời Trang Nam,Áo khoác,Áo khoác mùa đông & Áo choàng,-,-,100229,
Thời Trang Nam,Áo khoác,Áo khoác,-,-,100230,
Thời Trang Nam,Áo khoác,Áo khoác vest,-,-,100231,
Thời Trang Nam,Com lê,Bộ Com lê,-,-,100233,
Thời Trang Nam,Com lê,Áo Khoác & Blazer,-,-,100234,
Thời Trang Nam,Com lê,Quần âu,-,-,100235,
Thời Trang Nam,Com lê,Áo vest & Gi lê,-,-,100236,
Thời Trang Nam,Quần dài,Quần túi hộp,-,-,100238,
Thời Trang Nam,Quần dài,Quần jogger,-,-,100239,
Thời Trang Nam,Quần dài,Quần dài,-,-,100240,
Thời Trang Nam,Quần đùi,-,-,-,100053,
Thời Trang Nam,Áo,Áo sơ mi,-,-,100242,
Thời Trang Nam,Áo,Áo polo,-,-,100243,
Thời Trang Nam,Áo,Áo thun,-,-,100244,
Thời Trang Nam,Áo,Áo ba lỗ,-,-,100245,
Thời Trang Nam,Đồ lót,Quần lót,-,-,100247,
Thời Trang Nam,Đồ lót,Áo lót,-,-,100248,
Thời Trang Nam,Đồ lót,Đồ lót giữ nhiệt,-,-,100249,
Thời Trang Nam,Đồ ngủ,-,-,-,100056,
Thời Trang Nam,Bộ,-,-,-,100057,
Thời Trang Nam,Trang phục truyền thống,Áo,-,-,100251,
Thời Trang Nam,Trang phục truyền thống,Quần,-,-,100252,
Thời Trang Nam,Trang phục truyền thống,Bộ,-,-,100253,
Thời Trang Nam,Đồ hóa trang,-,-,-,100059,
Thời Trang Nam,Trang phục ngành nghề,-,-,-,100060,
Thời Trang Nam,Vớ/ Tất,-,-,-,100062,
Sắc Đẹp,"Chăm sóc tay, chân & móng",Chăm sóc tay,Mặt nạ cho tay,-,101607,
Sắc Đẹp,"Chăm sóc tay, chân & móng",Chăm sóc tay,"Kem dưỡng, dầu dưỡng & sữa dưỡng",-,101608,
Sắc Đẹp,"Chăm sóc tay, chân & móng",Chăm sóc tay,Xà phòng rửa tay,-,101609,
Sắc Đẹp,"Chăm sóc tay, chân & móng",Chăm sóc chân,Khử mùi hôi chân,-,101611,
Sắc Đẹp,"Chăm sóc tay, chân & móng",Chăm sóc chân,Mặt nạ cho chân,-,101612,
Sắc Đẹp,"Chăm sóc tay, chân & móng",Chăm sóc chân,"Kem dưỡng, dầu dưỡng & sữa dưỡng",-,101613,
Sắc Đẹp,"Chăm sóc tay, chân & móng",Chăm sóc chân,Khác,-,101614,
Sắc Đẹp,"Chăm sóc tay, chân & móng",Chăm sóc móng,Sơn nền & sơn bóng,-,101615,
Sắc Đẹp,"Chăm sóc tay, chân & móng",Chăm sóc móng,Sơn móng,-,102029,
Sắc Đẹp,"Chăm sóc tay, chân & móng",Chăm sóc móng,Dụng cụ tẩy sơn móng,-,102030,
Sắc Đẹp,"Chăm sóc tay, chân & móng",Chăm sóc móng,Dưỡng móng,-,102031,
Sắc Đẹp,"Chăm sóc tay, chân & móng",Chăm sóc móng,Móng giả,-,102032,
Sắc Đẹp,"Chăm sóc tay, chân & móng",Chăm sóc móng,Hình dán móng,-,102033,
Sắc Đẹp,"Chăm sóc tay, chân & móng",Chăm sóc móng,Dụng cụ & thiết bị làm móng,-,102034,
Sắc Đẹp,Chăm sóc tóc,Dầu gội,-,-,100869,
Sắc Đẹp,Chăm sóc tóc,Thuốc nhuộm tóc,-,-,100870,
Sắc Đẹp,Chăm sóc tóc,Sản phẩm dưỡng tóc,-,-,100871,
Sắc Đẹp,Chăm sóc tóc,Dầu xả,-,-,100872,
Sắc Đẹp,Chăm sóc tóc,Sản phẩm tạo kiểu tóc,-,-,100873,
Sắc Đẹp,Chăm sóc tóc,Khác,-,-,100874,
Sắc Đẹp,Chăm sóc nam giới,Sữa tắm & chăm sóc cơ thể,-,-,100875,
Sắc Đẹp,Chăm sóc nam giới,Chăm sóc da,Sữa rửa mặt,-,101616,
Sắc Đẹp,Chăm sóc nam giới,Chăm sóc da,Kem dưỡng ẩm & dưỡng da,-,101617,
Sắc Đẹp,Chăm sóc nam giới,Chăm sóc da,Khác,-,101618,
Sắc Đẹp,Chăm sóc nam giới,Sản phẩm cạo râu & hớt tóc,Dưỡng da sau cạo râu,-,101619,
Sắc Đẹp,Chăm sóc nam giới,Sản phẩm cạo râu & hớt tóc,"Kem dưỡng, kem tạo bọt & gel",-,101620,
Sắc Đẹp,Chăm sóc nam giới,Sản phẩm cạo râu & hớt tóc,Dao cạo râu,-,101621,
Sắc Đẹp,Chăm sóc nam giới,Sản phẩm cạo râu & hớt tóc,Máy cạo râu,-,101622,
Sắc Đẹp,Chăm sóc nam giới,Sản phẩm cạo râu & hớt tóc,Cọ cạo râu,-,101623,
Sắc Đẹp,Chăm sóc nam giới,Sản phẩm cạo râu & hớt tóc,Máy cạo râu đa chức năng,-,101624,
Sắc Đẹp,Chăm sóc nam giới,Sản phẩm cạo râu & hớt tóc,Phụ kiện hỗ trợ cạo râu,-,101625,
Sắc Đẹp,Chăm sóc nam giới,Sản phẩm cạo râu & hớt tóc,Khác,-,101626,
Sắc Đẹp,Chăm sóc nam giới,Chăm sóc tóc,-,-,100878,
Sắc Đẹp,Nước hoa,-,-,-,100661,
Sắc Đẹp,Trang điểm,Trang điểm mặt,Kem lót,-,101627,
Sắc Đẹp,Trang điểm,Trang điểm mặt,Kem nền,-,101628,
Sắc Đẹp,Trang điểm,Trang điểm mặt,Kem BB & CC,-,101629,
Sắc Đẹp,Trang điểm,Trang điểm mặt,Phấn phủ,-,101630,
Sắc Đẹp,Trang điểm,Trang điểm mặt,Che khuyết điểm,-,101631,
Sắc Đẹp,Trang điểm,Trang điểm mặt,Tạo khối & bắt sáng,-,101632,
Sắc Đẹp,Trang điểm,Trang điểm mặt,Xịt giữ makeup,-,101633,
Sắc Đẹp,Trang điểm,Trang điểm mặt,Má hồng,-,101634,
Sắc Đẹp,Trang điểm,Trang điểm mặt,Khác,-,101635,
Sắc Đẹp,Trang điểm,Trang điểm mắt,Phấn mắt,-,101636,
Sắc Đẹp,Trang điểm,Trang điểm mắt,Kem lót mắt,-,101637,
Sắc Đẹp,Trang điểm,Trang điểm mắt,Bút kẻ mắt,-,101638,
Sắc Đẹp,Trang điểm,Trang điểm mắt,Mascara,-,101639,
Sắc Đẹp,Trang điểm,Trang điểm mắt,Kẻ mày,-,101640,
Sắc Đẹp,Trang điểm,Trang điểm môi,Son môi,-,101642,
Sắc Đẹp,Trang điểm,Trang điểm môi,Son bóng,-,101643,
Sắc Đẹp,Trang điểm,Trang điểm môi,Viền môi,-,101644,
Sắc Đẹp,Trang điểm,Trang điểm môi,Son tint,-,101645,
Sắc Đẹp,Trang điểm,Trang điểm môi,Son làm căng môi,-,101646,
Sắc Đẹp,Trang điểm,Tẩy trang,-,-,100884,
Sắc Đẹp,Dụng cụ làm đẹp,Dụng cụ trang điểm,Bông tẩy trang,-,101649,
Sắc Đẹp,Dụng cụ làm đẹp,Dụng cụ trang điểm,Túi đựng đồ trang điểm,-,101650,
Sắc Đẹp,Dụng cụ làm đẹp,Dụng cụ trang điểm,Gương,-,101651,
Sắc Đẹp,Dụng cụ làm đẹp,Dụng cụ trang điểm,Dung dịch làm sạch cọ trang điểm,-,101652,
Sắc Đẹp,Dụng cụ làm đẹp,Dụng cụ trang điểm,Cọ trang điểm,-,101653,
Sắc Đẹp,Dụng cụ làm đẹp,Dụng cụ trang điểm,Bông mút trang điểm,-,101654,
Sắc Đẹp,Dụng cụ làm đẹp,Dụng cụ trang điểm,Kẹp bấm mi,-,101655,
Sắc Đẹp,Dụng cụ làm đẹp,Dụng cụ trang điểm,Khuôn kẻ chân mày,-,101656,
Sắc Đẹp,Dụng cụ làm đẹp,Dụng cụ trang điểm,Mi giả,-,101657,
Sắc Đẹp,Dụng cụ làm đẹp,Dụng cụ trang điểm,Miếng dán mí & keo dán mí,-,101658,
Sắc Đẹp,Dụng cụ làm đẹp,Dụng cụ trang điểm,Chuốt chì kẻ mày,-,101659,
Sắc Đẹp,Dụng cụ làm đẹp,Dụng cụ chăm sóc da mặt,Máy xông mặt,-,101660,
Sắc Đẹp,Dụng cụ làm đẹp,Dụng cụ chăm sóc da mặt,Dụng cụ làm thon gọn & mát xa mặt,-,101661,
Sắc Đẹp,Dụng cụ làm đẹp,Dụng cụ chăm sóc da mặt,Dụng cụ rửa mặt,-,101662,
Sắc Đẹp,Dụng cụ làm đẹp,Dụng cụ làm thon gọn cơ thể,-,-,100887,
Sắc Đẹp,Dụng cụ làm đẹp,Dụng cụ tẩy lông,-,-,100888,
Sắc Đẹp,Dụng cụ làm đẹp,Dụng cụ chăm sóc tóc,Lược chải,-,101664,
Sắc Đẹp,Dụng cụ làm đẹp,Dụng cụ chăm sóc tóc,Máy sấy tóc,-,101665,
Sắc Đẹp,Dụng cụ làm đẹp,Dụng cụ chăm sóc tóc,Máy tạo kiểu tóc,-,101666,
Sắc Đẹp,Dụng cụ làm đẹp,Dụng cụ chăm sóc tóc,Dụng cụ tạo kiểu không nhiệt,-,101667,
Sắc Đẹp,Dụng cụ làm đẹp,Dụng cụ chăm sóc tóc,Khác,-,101668,
Sắc Đẹp,Dụng cụ làm đẹp,Khác,-,-,100890,
Sắc Đẹp,Chăm sóc da mặt,Sữa rửa mặt,-,-,100891,
Sắc Đẹp,Chăm sóc da mặt,Nước cân bằng da,-,-,100892,
Sắc Đẹp,Chăm sóc da mặt,Kem dưỡng ẩm,-,-,100893,
Sắc Đẹp,Chăm sóc da mặt,Dầu dưỡng ẩm,-,-,100894,
Sắc Đẹp,Chăm sóc da mặt,Tinh chất dưỡng,-,-,100896,
Sắc Đẹp,Chăm sóc da mặt,Tẩy tế bào chết,-,-,100897,
Sắc Đẹp,Chăm sóc da mặt,Mặt nạ,-,-,100898,
Sắc Đẹp,Chăm sóc da mặt,Sản phẩm dưỡng mắt,Kem dưỡng mắt,-,101669,
Sắc Đẹp,Chăm sóc da mặt,Sản phẩm dưỡng mắt,Mặt nạ cho mắt,-,101670,
Sắc Đẹp,Chăm sóc da mặt,Sản phẩm dưỡng mắt,Tinh chất dưỡng mày & mi,-,101671,
Sắc Đẹp,Chăm sóc da mặt,Sản phẩm dưỡng môi,Son dưỡng môi,-,101673,
Sắc Đẹp,Chăm sóc da mặt,Sản phẩm dưỡng môi,Tẩy tế bào chết môi,-,101674,
Sắc Đẹp,Chăm sóc da mặt,Sản phẩm dưỡng môi,Mặt nạ cho môi,-,101675,
Sắc Đẹp,Chăm sóc da mặt,Kem chống nắng cho mặt,-,-,100901,
Sắc Đẹp,Chăm sóc da mặt,Kem dưỡng sau chống nắng,-,-,100902,
Sắc Đẹp,Chăm sóc da mặt,Giấy thấm dầu,-,-,100903,
Sắc Đẹp,Chăm sóc da mặt,Sản phẩm trị mụn,-,-,100904,
Sắc Đẹp,Bộ sản phẩm làm đẹp,-,-,-,100665,
Sắc Đẹp,Tắm & chăm sóc cơ thể,Xà phòng & sữa tắm,-,-,102003,
Sắc Đẹp,Tắm & chăm sóc cơ thể,Tẩy tế bào chết cơ thể,-,-,102004,
Sắc Đẹp,Tắm & chăm sóc cơ thể,Mặt nạ ủ cơ thể,-,-,102005,
Sắc Đẹp,Tắm & chăm sóc cơ thể,Dầu dưỡng da,-,-,102006,
Sắc Đẹp,Tắm & chăm sóc cơ thể,Kem & sữa dưỡng thể,-,-,102007,
Sắc Đẹp,Tắm & chăm sóc cơ thể,Khử mùi cơ thể,-,-,102008,
Sắc Đẹp,Tắm & chăm sóc cơ thể,Dầu massage,-,-,102009,
Sắc Đẹp,Tắm & chăm sóc cơ thể,Kem tẩy lông & wax lông,-,-,102010,
Sắc Đẹp,Tắm & chăm sóc cơ thể,Chống nắng,Chống nắng & chăm sóc sau đi nắng,-,102014,
Sắc Đẹp,Tắm & chăm sóc cơ thể,Chống nắng,Thuốc nhuộm da,-,102015,
Sắc Đẹp,Tắm & chăm sóc cơ thể,Chăm sóc ngực,-,-,102012,
Sắc Đẹp,Tắm & chăm sóc cơ thể,Khác,-,-,102013,
Sức Khỏe,Thực phẩm chức năng,Hỗ trợ kiểm soát cân nặng,-,-,100003,
Sức Khỏe,Thực phẩm chức năng,Hỗ trợ làm đẹp,-,-,100004,
Sức Khỏe,Thực phẩm chức năng,Hỗ trợ tăng cơ,-,-,100005,
Sức Khỏe,Thực phẩm chức năng,Hỗ trợ sức khỏe,-,-,100006,
Sức Khỏe,Vật tư y tế,Kiểm tra và theo dõi sức khỏe,Máy đo huyết áp,-,100420,
Sức Khỏe,Vật tư y tế,Kiểm tra và theo dõi sức khỏe,Máy đo lượng đường trong máu,-,100421,
Sức Khỏe,Vật tư y tế,Kiểm tra và theo dõi sức khỏe,Máy đo nồng độ oxy trong máu,-,100422,
Sức Khỏe,Vật tư y tế,Kiểm tra và theo dõi sức khỏe,Nhiệt kế,-,100423,
Sức Khỏe,Vật tư y tế,Kiểm tra và theo dõi sức khỏe,Khác,-,100424,
Sức Khỏe,Vật tư y tế,Cân sức khỏe và phân tích cơ thể,-,-,100122,
Sức Khỏe,Vật tư y tế,Chăm sóc mũi,-,-,100123,
Sức Khỏe,Vật tư y tế,Dụng cụ sơ cứu,Băng gạc y tế,-,100425,
Sức Khỏe,Vật tư y tế,Dụng cụ sơ cứu,Phụ kiện sơ cấp cứu,-,100426,
Sức Khỏe,Vật tư y tế,Dụng cụ sơ cứu,Kem và thuốc mỡ,-,100427,
Sức Khỏe,Vật tư y tế,Dụng cụ sơ cứu,Thuốc sát trùng & khử trùng y tế,-,100428,
Sức Khỏe,Vật tư y tế,Ống nghe y tế,-,-,100125,
Sức Khỏe,Vật tư y tế,Dụng cụ thí nghiệm,-,-,100127,
Sức Khỏe,Vật tư y tế,Bao tay và khẩu trang y tế,-,-,100128,
Sức Khỏe,Vật tư y tế,Hỗ trợ chấn thương và khuyết tật,Nạng chống,-,100430,
Sức Khỏe,Vật tư y tế,Hỗ trợ chấn thương và khuyết tật,Xe lăn,-,100431,
Sức Khỏe,Vật tư y tế,Hỗ trợ chấn thương và khuyết tật,Dụng cụ nẹp và hỗ trợ khớp,-,100432,
Sức Khỏe,Vật tư y tế,Hỗ trợ chấn thương và khuyết tật,Trợ thính,-,100433,
Sức Khỏe,Chăm sóc cá nhân,Dung dịch sát khuẩn tay,-,-,100131,
Sức Khỏe,Chăm sóc cá nhân,Chăm sóc mắt,Kính áp tròng,-,100435,
Sức Khỏe,Chăm sóc cá nhân,Chăm sóc mắt,Thuốc nhỏ mắt và ngâm áp tròng,-,100436,
Sức Khỏe,Chăm sóc cá nhân,Chăm sóc mắt,Khác,-,100437,
Sức Khỏe,Chăm sóc cá nhân,Chăm sóc tai,-,-,100133,
Sức Khỏe,Chăm sóc cá nhân,Vệ sinh răng miệng,Bàn chải đánh răng,-,100438,
Sức Khỏe,Chăm sóc cá nhân,Vệ sinh răng miệng,Bàn chải điện & phụ kiện,-,100439,
Sức Khỏe,Chăm sóc cá nhân,Vệ sinh răng miệng,Kem đánh răng,-,100440,
Sức Khỏe,Chăm sóc cá nhân,Vệ sinh răng miệng,Chỉ nha khoa,-,100441,
Sức Khỏe,Chăm sóc cá nhân,Vệ sinh răng miệng,Nước súc miệng,-,100442,
Sức Khỏe,Chăm sóc cá nhân,Vệ sinh răng miệng,Răng giả và phụ kiện,-,100443,
Sức Khỏe,Chăm sóc cá nhân,Vệ sinh răng miệng,Hỗ trợ trắng răng,-,100444,
Sức Khỏe,Chăm sóc cá nhân,Vệ sinh răng miệng,Dụng cụ hỗ trợ chỉnh nha,-,100445,
Sức Khỏe,Chăm sóc cá nhân,Vệ sinh răng miệng,Khác,-,100446,
Sức Khỏe,Chăm sóc cá nhân,Tã người lớn,-,-,100135,
Sức Khỏe,Chăm sóc cá nhân,Chăm sóc phụ nữ,Băng vệ sinh có cánh & không cánh,-,100447,
Sức Khỏe,Chăm sóc cá nhân,Chăm sóc phụ nữ,Tampon,-,100448,
Sức Khỏe,Chăm sóc cá nhân,Chăm sóc phụ nữ,Que thử thai,-,100449,
Sức Khỏe,Chăm sóc cá nhân,Chăm sóc phụ nữ,Cốc nguyệt san,-,100450,
Sức Khỏe,Chăm sóc cá nhân,Chăm sóc phụ nữ,Dung dịch vệ sinh phụ nữ,-,100451,
Sức Khỏe,Chăm sóc cá nhân,Chăm sóc phụ nữ,Kem dưỡng vùng kín,-,100452,
Sức Khỏe,Chăm sóc cá nhân,Dụng cụ massage và trị liệu,-,-,100137,
Sức Khỏe,Chăm sóc cá nhân,Chống muỗi & xua đuổi côn trùng,-,-,100138,
Sức Khỏe,Hỗ trợ tình dục,Bao cao su,-,-,100140,
Sức Khỏe,Hỗ trợ tình dục,Bôi trơn,-,-,100141,
Sức Khỏe,Hỗ trợ tình dục,Tăng cường sinh lý,-,-,100143,
Phụ Kiện Thời Trang,Nhẫn,-,-,-,100021,
Phụ Kiện Thời Trang,Bông tai,-,-,-,100022,
Phụ Kiện Thời Trang,Khăn choàng,-,-,-,100023,
Phụ Kiện Thời Trang,Găng tay,-,-,-,100024,
Phụ Kiện Thời Trang,Phụ kiện tóc,Băng đô tóc,-,-,100145,
Phụ Kiện Thời Trang,Phụ kiện tóc,Đồ buộc tóc & Nơ,-,-,100146,
Phụ Kiện Thời Trang,Phụ kiện tóc,Kẹp tóc,-,-,100147,
Phụ Kiện Thời Trang,Phụ kiện tóc,Tóc giả & Tóc nối,-,-,100148,
Phụ Kiện Thời Trang,Phụ kiện tóc,"Cài tóc, vương miện cài tóc",-,-,100149,
Phụ Kiện Thời Trang,Vòng tay & Lắc tay,-,-,-,100026,
Phụ Kiện Thời Trang,Lắc chân,-,-,-,100027,
Phụ Kiện Thời Trang,Mũ,-,-,-,100028,
Phụ Kiện Thời Trang,Dây chuyền,-,-,-,100029,
Phụ Kiện Thời Trang,Kính mắt,Kính mát,-,-,100151,
Phụ Kiện Thời Trang,Kính mắt,Gọng kính,-,-,100152,
Phụ Kiện Thời Trang,Kính mắt,Hộp kính và phụ kiện,-,-,100153,
Phụ Kiện Thời Trang,Kính mắt,Khác,-,-,100154,
Phụ Kiện Thời Trang,Kim loại quý,Platinum & Vàng,-,-,100155,
Phụ Kiện Thời Trang,Kim loại quý,Bạc,-,-,100156,
Phụ Kiện Thời Trang,Kim loại quý,Kim cương,-,-,100157,
Phụ Kiện Thời Trang,Kim loại quý,"Ngọc bích, Cẩm thạch",-,-,100158,
Phụ Kiện Thời Trang,Kim loại quý,Khác,-,-,100159,
Phụ Kiện Thời Trang,Thắt lưng,-,-,-,100032,
Phụ Kiện Thời Trang,Cà vạt & Nơ cổ,-,-,-,100033,
Phụ Kiện Thời Trang,Phụ kiện thêm,Trâm & Ghim cài áo,-,-,100160,
Phụ Kiện Thời Trang,Phụ kiện thêm,Miếng vá áo,-,-,100161,
Phụ Kiện Thời Trang,Phụ kiện thêm,Mặt dây chuyền và Charm,-,-,100162,
Phụ Kiện Thời Trang,Phụ kiện thêm,Măng sét nam,-,-,100163,
Phụ Kiện Thời Trang,Phụ kiện thêm,Hình xăm dán,-,-,100164,
Phụ Kiện Thời Trang,Phụ kiện thêm,Khẩu trang thời trang,-,-,100165,
Phụ Kiện Thời Trang,Phụ kiện thêm,Khăn tay,-,-,100166,
Phụ Kiện Thời Trang,Phụ kiện thêm,Khác,-,-,100167,
Phụ Kiện Thời Trang,Bộ phụ kiện,-,-,-,100035,
Thiết Bị Điện Gia Dụng,Máy chiếu & Phụ kiện,Máy chiếu & Màn hình chiếu,-,-,100168,
Thiết Bị Điện Gia Dụng,Máy chiếu & Phụ kiện,Bút trình chiếu,-,-,100169,
Thiết Bị Điện Gia Dụng,Máy chiếu & Phụ kiện,Khác,-,-,100170,
Thiết Bị Điện Gia Dụng,Thiết bị điện gia dụng nhỏ,Thiết bị vệ sinh chân & Thư giãn,-,-,100171,
Thiết Bị Điện Gia Dụng,Thiết bị điện gia dụng nhỏ,Máy tăm nước,-,-,100172,
Thiết Bị Điện Gia Dụng,Thiết bị điện gia dụng nhỏ,Máy may & Phụ kiện,-,-,100173,
Thiết Bị Điện Gia Dụng,Thiết bị điện gia dụng nhỏ,Điện thoại,Điện thoại có dây,-,100454,
Thiết Bị Điện Gia Dụng,Thiết bị điện gia dụng nhỏ,Điện thoại,Điện thoại không dây,-,100455,
Thiết Bị Điện Gia Dụng,Thiết bị điện gia dụng nhỏ,Điện thoại,Máy fax,-,100456,
Thiết Bị Điện Gia Dụng,Thiết bị điện gia dụng nhỏ,Bàn là khô & Hơi nước,-,-,100175,
Thiết Bị Điện Gia Dụng,Thiết bị điện gia dụng nhỏ,Thiết bị xử lý không khí,Máy lọc không khí,-,100458,
Thiết Bị Điện Gia Dụng,Thiết bị điện gia dụng nhỏ,Thiết bị xử lý không khí,Máy hút ẩm,-,100459,
Thiết Bị Điện Gia Dụng,Thiết bị điện gia dụng nhỏ,Máy hút bụi & Thiết bị làm sạch sàn,-,-,100177,
Thiết Bị Điện Gia Dụng,Thiết bị điện gia dụng nhỏ,Khác,-,-,100178,
Thiết Bị Điện Gia Dụng,Thiết bị điện gia dụng lớn,Máy giặt & Máy sấy,Máy giặt,-,100461,
Thiết Bị Điện Gia Dụng,Thiết bị điện gia dụng lớn,Máy giặt & Máy sấy,Máy sấy quần áo,-,100462,
Thiết Bị Điện Gia Dụng,Thiết bị điện gia dụng lớn,Máy nước nóng,-,-,100180,
Thiết Bị Điện Gia Dụng,Thiết bị điện gia dụng lớn,Thiết bị làm mát,Điều hòa,-,100464,
Thiết Bị Điện Gia Dụng,Thiết bị điện gia dụng lớn,Thiết bị làm mát,Máy làm mát không khí & Điều hoà cầm tay,-,100465,
Thiết Bị Điện Gia Dụng,Thiết bị điện gia dụng lớn,Thiết bị làm mát,Quạt,-,100466,
Thiết Bị Điện Gia Dụng,Thiết bị điện gia dụng lớn,Thiết bị sấy khô nệm & Giày,-,-,100182,
Thiết Bị Điện Gia Dụng,Thiết bị điện gia dụng lớn,Máy sưởi,-,-,100183,
Thiết Bị Điện Gia Dụng,Tivi & Phụ kiện,Tivi,-,-,100185,
Thiết Bị Điện Gia Dụng,Tivi & Phụ kiện,Ăng ten Tivi,-,-,100186,
Thiết Bị Điện Gia Dụng,Tivi & Phụ kiện,Tivi box & Đầu thu kỹ thuật số,-,-,100187,
Thiết Bị Điện Gia Dụng,Tivi & Phụ kiện,Giá treo tivi,-,-,100188,
Thiết Bị Điện Gia Dụng,Tivi & Phụ kiện,Khác,-,-,100189,-
Thiết Bị Điện Gia Dụng,Đồ gia dụng nhà bếp,Máy lọc nước,-,-,100190,
Thiết Bị Điện Gia Dụng,Đồ gia dụng nhà bếp,Ấm đun siêu tốc,-,-,100191,
Thiết Bị Điện Gia Dụng,Đồ gia dụng nhà bếp,Tủ ủ rượu,-,-,100192,
Thiết Bị Điện Gia Dụng,Đồ gia dụng nhà bếp,"Máy ép, Xay sinh tố & Máy làm sữa đậu nành",-,-,100193,
Thiết Bị Điện Gia Dụng,Đồ gia dụng nhà bếp,Máy pha cà phê & Phụ kiện,-,-,100194,
Thiết Bị Điện Gia Dụng,Đồ gia dụng nhà bếp,Máy trộn thực phẩm,-,-,100195,
Thiết Bị Điện Gia Dụng,Đồ gia dụng nhà bếp,Máy rửa bát đĩa,-,-,100196,
Thiết Bị Điện Gia Dụng,Đồ gia dụng nhà bếp,"Lò sưởi, Bếp từ & Bộ điều chỉnh gas",-,-,100197,
Thiết Bị Điện Gia Dụng,Đồ gia dụng nhà bếp,Nồi chiên không dầu,-,-,100198,
Thiết Bị Điện Gia Dụng,Đồ gia dụng nhà bếp,Nồi chiên ngập dầu,-,-,100199,
Thiết Bị Điện Gia Dụng,Đồ gia dụng nhà bếp,Lò vi sóng,-,-,100200,
Thiết Bị Điện Gia Dụng,Đồ gia dụng nhà bếp,Lò nướng,-,-,100201,
Thiết Bị Điện Gia Dụng,Đồ gia dụng nhà bếp,Máy nướng bánh,-,-,100202,
Thiết Bị Điện Gia Dụng,Đồ gia dụng nhà bếp,Máy chế biến thực phẩm & Xay thịt,-,-,100203,
Thiết Bị Điện Gia Dụng,Đồ gia dụng nhà bếp,Nồi nấu đa năng,-,-,100204,
Thiết Bị Điện Gia Dụng,Đồ gia dụng nhà bếp,Nồi áp suất,-,-,100205,
Thiết Bị Điện Gia Dụng,Đồ gia dụng nhà bếp,Nồi nấu chậm & Dụng cụ nấu chân không,-,-,100206,
Thiết Bị Điện Gia Dụng,Đồ gia dụng nhà bếp,Nồi cơm điện,-,-,100207,
Thiết Bị Điện Gia Dụng,Đồ gia dụng nhà bếp,Dụng cụ nấu đặc biệt,Máy làm bánh Waffle & Crepe,-,100468,
Thiết Bị Điện Gia Dụng,Đồ gia dụng nhà bếp,Dụng cụ nấu đặc biệt,Máy luộc trứng,-,100469,
Thiết Bị Điện Gia Dụng,Đồ gia dụng nhà bếp,Dụng cụ nấu đặc biệt,Máy làm bánh mì,-,100470,
Thiết Bị Điện Gia Dụng,Đồ gia dụng nhà bếp,Dụng cụ nấu đặc biệt,Máy làm bánh Takoyaki,-,100471,
Thiết Bị Điện Gia Dụng,Đồ gia dụng nhà bếp,Dụng cụ nấu đặc biệt,Máy làm món tráng miệng,-,100472,
Thiết Bị Điện Gia Dụng,Đồ gia dụng nhà bếp,Dụng cụ nấu đặc biệt,Máy làm soda,-,100473,
Thiết Bị Điện Gia Dụng,Đồ gia dụng nhà bếp,Dụng cụ nấu đặc biệt,Khác,-,100474,
Thiết Bị Điện Gia Dụng,Đồ gia dụng nhà bếp,Tủ lạnh,-,-,100209,
Thiết Bị Điện Gia Dụng,Đồ gia dụng nhà bếp,Tủ đông,-,-,100210,
Thiết Bị Điện Gia Dụng,Đồ gia dụng nhà bếp,Máy hút khói,-,-,100211,
Thiết Bị Điện Gia Dụng,Mạch điện & Phụ tùng,Ổ cắm điện & Dây nối,-,-,100213,
Thiết Bị Điện Gia Dụng,Mạch điện & Phụ tùng,Thiết bị an toàn điện tử,-,-,100214,
Thiết Bị Điện Gia Dụng,Mạch điện & Phụ tùng,Chuông cửa,-,-,100216,
Thiết Bị Điện Gia Dụng,Mạch điện & Phụ tùng,Công tắc,-,-,100217,
Thiết Bị Điện Gia Dụng,Mạch điện & Phụ tùng,Thiết bị báo động nhà ở,-,-,100218,
Thiết Bị Điện Gia Dụng,Mạch điện & Phụ tùng,Thiết bị chống sấm sét,-,-,100219,
Thiết Bị Điện Gia Dụng,Pin,-,-,-,100043,
Thiết Bị Điện Gia Dụng,Thiết bị điều khiển từ xa,-,-,-,100045,
Giày Dép Nam,Bốt,Bốt thời trang,-,-,100255,
Giày Dép Nam,Bốt,Bốt đi mưa,-,-,100256,
Giày Dép Nam,Bốt,Bốt bảo hộ,-,-,100257,
Giày Dép Nam,Giày thể thao/ Sneakers,-,-,-,100064,
Giày Dép Nam,Giày sục,-,-,-,100065,
Giày Dép Nam,Giày tây lười,-,-,-,100066,
Giày Dép Nam,Giày Oxfords & Giày buộc dây,-,-,-,100067,
Giày Dép Nam,Xăng-đan & Dép,Dép xỏ ngón,-,-,100259,
Giày Dép Nam,Xăng-đan & Dép,Xăng-đan,-,-,100260,
Giày Dép Nam,Xăng-đan & Dép,Dép đi trong nhà,-,-,100261,
Giày Dép Nam,Xăng-đan & Dép,Dép mát-xa,-,-,100262,
Giày Dép Nam,Phụ kiện giày dép,Dụng cụ chăm sóc & Vệ sinh giày,-,-,100264,
Giày Dép Nam,Phụ kiện giày dép,Khử mùi giày dép,-,-,100265,
Giày Dép Nam,Phụ kiện giày dép,Dây giày,-,-,100266,
Giày Dép Nam,Phụ kiện giày dép,Cây đón gót & Giữ form giày,-,-,100267,
Giày Dép Nam,Phụ kiện giày dép,Lót giày,-,-,100268,
Điện Thoại & Phụ Kiện,Thẻ sim,-,-,-,100071,
Điện Thoại & Phụ Kiện,Máy tính bảng,-,-,-,100072,
Điện Thoại & Phụ Kiện,Điện thoại,-,-,-,100073,
Điện Thoại & Phụ Kiện,Thiết bị đeo thông minh,Đồng hồ thông minh & Vòng đeo tay sức khỏe,-,-,100270,
Điện Thoại & Phụ Kiện,Thiết bị đeo thông minh,Thiết bị thực tế ảo,-,-,100271,
Điện Thoại & Phụ Kiện,Thiết bị đeo thông minh,Thiết bị định vị GPS,-,-,100272,
Điện Thoại & Phụ Kiện,Thiết bị đeo thông minh,Khác,-,-,100273,
Điện Thoại & Phụ Kiện,Phụ kiện,Phụ kiện selfie,Gậy selfie,-,100475,
Điện Thoại & Phụ Kiện,Phụ kiện,Phụ kiện selfie,Giá đỡ,-,100476,
Điện Thoại & Phụ Kiện,Phụ kiện,Phụ kiện selfie,Điều khiển chụp hình,-,100477,
Điện Thoại & Phụ Kiện,Phụ kiện,Ống kính điện thoại,-,-,100275,
Điện Thoại & Phụ Kiện,Phụ kiện,Đèn flash điện thoại & Đèn selfie,-,-,100276,
Điện Thoại & Phụ Kiện,Phụ kiện,Quạt USB & Quạt điện thoại,-,-,100277,
Điện Thoại & Phụ Kiện,Phụ kiện,Bút cảm ứng,-,-,100278,
Điện Thoại & Phụ Kiện,Phụ kiện,Kẹp điện thoại,-,-,100279,
Điện Thoại & Phụ Kiện,Phụ kiện,Dây đeo điện thoại & Móc khóa,-,-,100280,
Điện Thoại & Phụ Kiện,Phụ kiện,Thẻ nhớ,-,-,100281,
Điện Thoại & Phụ Kiện,Phụ kiện,Thiết bị trình chiếu,-,-,100282,
Điện Thoại & Phụ Kiện,Phụ kiện,Túi đựng điện thoại,-,-,100283,
Điện Thoại & Phụ Kiện,Phụ kiện,"Cáp, sạc & bộ chuyển đổi","Bao đựng cáp, Bảo vệ cáp & Cuộn dây",-,100479,
Điện Thoại & Phụ Kiện,Phụ kiện,"Cáp, sạc & bộ chuyển đổi",Bộ sạc du lịch,-,100480,
Điện Thoại & Phụ Kiện,Phụ kiện,"Cáp, sạc & bộ chuyển đổi",Cáp & Bộ chuyển đổi di động,-,100481,
Điện Thoại & Phụ Kiện,Phụ kiện,"Cáp, sạc & bộ chuyển đổi",Bộ sạc,-,100482,
Điện Thoại & Phụ Kiện,Phụ kiện,"Cáp, sạc & bộ chuyển đổi",Đế sạc đứng,-,100483,
Điện Thoại & Phụ Kiện,Phụ kiện,"Cáp, sạc & bộ chuyển đổi",Khác,-,100484,
Điện Thoại & Phụ Kiện,Phụ kiện,Đèn USB & Đèn điện thoại,-,-,100285,
Điện Thoại & Phụ Kiện,Phụ kiện,Bộ phát Wifi bỏ túi,-,-,100286,
Điện Thoại & Phụ Kiện,Phụ kiện,Sạc dự phòng & Pin,Pin,-,100485,
Điện Thoại & Phụ Kiện,Phụ kiện,Sạc dự phòng & Pin,Sạc dự phòng,-,100486,
Điện Thoại & Phụ Kiện,Phụ kiện,Sạc dự phòng & Pin,Vỏ sạc dự phòng,-,100487,
Điện Thoại & Phụ Kiện,Phụ kiện,Sạc dự phòng & Pin,Khác,-,100488,
Điện Thoại & Phụ Kiện,Phụ kiện,Phụ kiện cho đồng hồ thông minh,-,-,100288,
Điện Thoại & Phụ Kiện,Phụ kiện,Miếng dán màn hình,-,-,100289,
Điện Thoại & Phụ Kiện,Phụ kiện,"Vỏ bao, Ốp lưng & Miếng dán","Vỏ bao, Ốp lưng & Miếng dán máy tính bảng",-,100489,
Điện Thoại & Phụ Kiện,Phụ kiện,"Vỏ bao, Ốp lưng & Miếng dán","Vỏ bao, Ốp lưng & Miếng dán điện thoại",-,100490,
Điện Thoại & Phụ Kiện,Phụ kiện,"Vỏ bao, Ốp lưng & Miếng dán",Khác,-,100491,
Điện Thoại & Phụ Kiện,Bộ đàm,-,-,-,100076,
Điện Thoại & Phụ Kiện,Khác,-,-,-,100077,
Du lịch & Hành lý,Vali,-,-,-,100085,
Du lịch & Hành lý,Túi du lịch,Túi trống,-,-,100320,
Du lịch & Hành lý,Túi du lịch,Túi gấp gọn,-,-,100321,
Du lịch & Hành lý,Túi du lịch,Túi dây rút,-,-,100322,
Du lịch & Hành lý,Phụ kiện du lịch,Ví hộ chiếu,-,-,100324,
Du lịch & Hành lý,Phụ kiện du lịch,Túi du lịch nhiều ngăn,-,-,100325,
Du lịch & Hành lý,Phụ kiện du lịch,Áo trùm vali,-,-,100326,
Du lịch & Hành lý,Phụ kiện du lịch,Thẻ hành lý,-,-,100327,
Du lịch & Hành lý,Phụ kiện du lịch,Dây đai vali,-,-,100328,
Du lịch & Hành lý,Phụ kiện du lịch,Khóa vali,-,-,100329,
Du lịch & Hành lý,Phụ kiện du lịch,Cân hành lý,-,-,100330,
Du lịch & Hành lý,Phụ kiện du lịch,Gối & Bịt mắt,-,-,100331,
Du lịch & Hành lý,Phụ kiện du lịch,Bộ chiết mỹ phẩm,-,-,100332,
Túi Ví Nữ,Ba lô,-,-,-,100089,
Túi Ví Nữ,Cặp laptop,Túi & cặp đứng laptop,-,-,100334,
Túi Ví Nữ,Cặp laptop,Túi chống sốc laptop,-,-,100335,
Túi Ví Nữ,Cặp laptop,Ba lô laptop,-,-,100336,
Túi Ví Nữ,Cặp laptop,Khác,-,-,100337,
Túi Ví Nữ,Ví dự tiệc & Ví cầm tay,-,-,-,100091,
Túi Ví Nữ,Túi đeo hông & Túi đeo ngực,-,-,-,100092,
Túi Ví Nữ,Túi tote,-,-,-,100093,
Túi Ví Nữ,Túi quai xách,-,-,-,100094,
Túi Ví Nữ,Túi đeo chéo & Túi đeo vai,-,-,-,100095,
Túi Ví Nữ,Ví,Ví đựng thẻ,-,-,100338,
Túi Ví Nữ,Ví,Ví mini đựng tiền,-,-,100339,
Túi Ví Nữ,Ví,Ví đựng điện thoại & chìa khóa,-,-,100340,
Túi Ví Nữ,Ví,Ví gập,-,-,100341,
Túi Ví Nữ,Ví,Ví dài,-,-,100342,
Túi Ví Nữ,Ví,Ví khác,-,-,100343,
Túi Ví Nữ,Phụ kiện túi,Dây đeo túi,-,-,100344,
Túi Ví Nữ,Phụ kiện túi,Dụng cụ treo/đựng túi,-,-,100345,
Túi Ví Nữ,Phụ kiện túi,Charm và phụ kiện gắn túi,-,-,100346,
Túi Ví Nữ,Phụ kiện túi,Túi đa ngăn tiện ích,-,-,100347,
Túi Ví Nữ,Phụ kiện túi,Dụng cụ vệ sinh và chăm sóc túi,-,-,100348,
Giày Dép Nữ,Bốt,Bốt đi mưa,-,-,100585,
Giày Dép Nữ,Bốt,Bốt thời trang,-,-,100586,
Giày Dép Nữ,Giày thể thao/ sneaker,-,-,-,100557,
Giày Dép Nữ,Giày đế bằng,Giày bale,-,-,100588,
Giày Dép Nữ,Giày đế bằng,Giày lười,-,-,100589,
Giày Dép Nữ,Giày đế bằng,Giày Oxford & Giày buộc dây,-,-,100590,
Giày Dép Nữ,Giày đế bằng,Giày sục & Giày búp bê,-,-,100591,
Giày Dép Nữ,Giày cao gót,-,-,-,100559,
Giày Dép Nữ,Giày đế xuồng,-,-,-,100560,
Giày Dép Nữ,Xăng-đan và dép,Xăng-đan đế bằng,-,-,100593,
Giày Dép Nữ,Xăng-đan và dép,Dép kẹp/ dép xỏ ngón,-,-,100594,
Giày Dép Nữ,Xăng-đan và dép,Dép mát-xa,-,-,100595,
Giày Dép Nữ,Xăng-đan và dép,Dép đi trong nhà,-,-,100596,
Giày Dép Nữ,Phụ kiện & chăm sóc giày,Miếng lót giày,-,-,100599,
Giày Dép Nữ,Phụ kiện & chăm sóc giày,Cây đón gót & Giữ form giày,-,-,100600,
Giày Dép Nữ,Phụ kiện & chăm sóc giày,Đồ chăm sóc và làm sạch giày,-,-,100601,
Giày Dép Nữ,Phụ kiện & chăm sóc giày,Dây giày,-,-,100602,
Túi Ví Nam,Ba lô,-,-,-,100564,
Túi Ví Nam,Cặp laptop,Túi & cặp đựng laptop,-,-,100604,
Túi Ví Nam,Cặp laptop,Túi chống sốc laptop,-,-,100605,
Túi Ví Nam,Cặp laptop,Ba lô laptop,-,-,100606,
Túi Ví Nam,Túi tote,-,-,-,100566,
Túi Ví Nam,Cặp xách công sở,-,-,-,100567,
Túi Ví Nam,Ví cầm tay,-,-,-,100568,
Túi Ví Nam,Túi đeo hông & Túi đeo ngực,-,-,-,100569,
Túi Ví Nam,Túi đeo chéo,-,-,-,100570,
Túi Ví Nam,Bóp/ Ví,Ví đựng thẻ,-,-,100608,
Túi Ví Nam,Bóp/ Ví,Ví đựng tiền xu,-,-,100609,
Túi Ví Nam,Bóp/ Ví,Ví đựng điện thoại & chìa khóa,-,-,100610,
Túi Ví Nam,Bóp/ Ví,Ví gập đôi & gập ba,-,-,100611,
Túi Ví Nam,Bóp/ Ví,Ví dài,-,-,100612,
Đồng Hồ,Đồng hồ nữ,-,-,-,100573,
Đồng Hồ,Đồng hồ nam,-,-,-,100574,
Đồng Hồ,Bộ đồng hồ & Đồng hồ cặp,-,-,-,100575,
Đồng Hồ,Phụ kiện đồng hồ,Dây đồng hồ,-,-,100614,
Đồng Hồ,Phụ kiện đồng hồ,Dụng cụ sửa chữa,-,-,100615,
Đồng Hồ,Phụ kiện đồng hồ,Khóa đồng hồ,-,-,100616,
Đồng Hồ,Phụ kiện đồng hồ,Pin đồng hồ,-,-,100617,
Đồng Hồ,Phụ kiện đồng hồ,Hộp đựng đồng hồ,-,-,100618,
Đồng Hồ,Phụ kiện đồng hồ,Khác,-,-,100619,
Thiết Bị Âm Thanh,Tai nghe nhét tai & chụp tai,-,-,-,100578,
Thiết Bị Âm Thanh,Máy nghe nhạc,MP3 & MP4,-,-,100620,
Thiết Bị Âm Thanh,Máy nghe nhạc,"CD, DVD & Bluray",-,-,100621,
Thiết Bị Âm Thanh,Máy nghe nhạc,Máy ghi âm,-,-,100622,
Thiết Bị Âm Thanh,Máy nghe nhạc,Radio & Cát-sét,-,-,100623,
Thiết Bị Âm Thanh,Micro thu âm,-,-,-,100580,
Thiết Bị Âm Thanh,Amply và đầu chỉnh âm,-,-,-,100581,
Thiết Bị Âm Thanh,Dàn âm thanh,Loa,-,-,100625,
Thiết Bị Âm Thanh,Dàn âm thanh,Hệ thống âm thanh giải trí tại gia,-,-,100626,
Thiết Bị Âm Thanh,Dàn âm thanh,Thu sóng AV,-,-,100627,
Thiết Bị Âm Thanh,Dàn âm thanh,Khác,-,-,100628,
Thiết Bị Âm Thanh,Cáp âm thanh/ video & Đầu chuyển,-,-,-,100583,
Thiết Bị Âm Thanh,Khác,-,-,-,100584,
Thực phẩm và đồ uống,Đồ chế biến sẵn,Đồ ăn chế biến sẵn,-,-,100780,
Thực phẩm và đồ uống,Đồ chế biến sẵn,Khác,-,-,100781,
Thực phẩm và đồ uống,Đồ chế biến sẵn,Cơm và cháo ăn liền,-,-,100782,
Thực phẩm và đồ uống,Đồ chế biến sẵn,Lẩu ăn liền,-,-,100783,
Thực phẩm và đồ uống,Đồ chế biến sẵn,Mì ăn liền,-,-,100784,
Thực phẩm và đồ uống,Đồ ăn vặt,Kẹo,-,-,100785,
Thực phẩm và đồ uống,Đồ ăn vặt,Sô cô la,-,-,100786,
Thực phẩm và đồ uống,Đồ ăn vặt,Bánh quy,-,-,100787,
Thực phẩm và đồ uống,Đồ ăn vặt,Khoai tây lát,-,-,100788,
Thực phẩm và đồ uống,Đồ ăn vặt,Các loại hạt sấy khô,-,-,100789,
Thực phẩm và đồ uống,Đồ ăn vặt,Bỏng ngô,-,-,100790,
Thực phẩm và đồ uống,Đồ ăn vặt,Các loại rong biển ăn liền,-,-,100791,
Thực phẩm và đồ uống,Đồ ăn vặt,Các loại đậu sấy khô,-,-,100792,
Thực phẩm và đồ uống,Đồ ăn vặt,"Pudding, thạch & kẹo dẻo",-,-,100794,
Thực phẩm và đồ uống,Đồ ăn vặt,Thức ăn khô,Thịt khô,-,101574,
Thực phẩm và đồ uống,Đồ ăn vặt,Thức ăn khô,Hoa quả sấy khô,-,101575,
Thực phẩm và đồ uống,Đồ ăn vặt,Thức ăn khô,Chà bông,-,101576,
Thực phẩm và đồ uống,Đồ ăn vặt,Thức ăn khô,Hải sản sấy khô,-,101577,
Thực phẩm và đồ uống,Đồ ăn vặt,Thức ăn khô,Khác,-,101578,
Thực phẩm và đồ uống,Nhu yếu phẩm,Thực phẩm khô,Đậu & ngũ cốc,-,101579,
Thực phẩm và đồ uống,Nhu yếu phẩm,Thực phẩm khô,Hải sản sấy khô,-,101580,
Thực phẩm và đồ uống,Nhu yếu phẩm,Thực phẩm khô,Thảo mộc truyền thống,-,101581,
Thực phẩm và đồ uống,Nhu yếu phẩm,Thực phẩm khô,Khác,-,101582,
Thực phẩm và đồ uống,Nhu yếu phẩm,Mì,-,-,100797,
Thực phẩm và đồ uống,Nhu yếu phẩm,Mì Ý,-,-,100799,
Thực phẩm và đồ uống,Nhu yếu phẩm,Thực phẩm đóng hộp,Trái cây đóng hộp,-,101583,
Thực phẩm và đồ uống,Nhu yếu phẩm,Thực phẩm đóng hộp,Thịt hộp,-,102024,
Thực phẩm và đồ uống,Nhu yếu phẩm,Thực phẩm đóng hộp,Hải sản đóng hộp,-,102025,
Thực phẩm và đồ uống,Nhu yếu phẩm,Thực phẩm đóng hộp,Rau củ đóng hộp,-,102026,
Thực phẩm và đồ uống,Nhu yếu phẩm,Thực phẩm đóng hộp,Súp hộp,-,102027,
Thực phẩm và đồ uống,Nhu yếu phẩm,Thực phẩm đóng hộp,Khác,-,102028,
Thực phẩm và đồ uống,Nhu yếu phẩm,Rau củ ngâm,-,-,100802,
Thực phẩm và đồ uống,Nguyên liệu nấu ăn,Dầu ăn,-,-,100803,
Thực phẩm và đồ uống,Nguyên liệu nấu ăn,Gia vị & Hương liệu,Tiêu,-,101584,
Thực phẩm và đồ uống,Nguyên liệu nấu ăn,Gia vị & Hương liệu,Muối,-,101585,
Thực phẩm và đồ uống,Nguyên liệu nấu ăn,Gia vị & Hương liệu,Gia vị & Thảo mộc,-,101586,
Thực phẩm và đồ uống,Nguyên liệu nấu ăn,Gia vị & Hương liệu,Các loại sốt,-,101587,
Thực phẩm và đồ uống,Nguyên liệu nấu ăn,Gia vị & Hương liệu,Ớt & sa tế,-,101588,
Thực phẩm và đồ uống,Nguyên liệu nấu ăn,Gia vị & Hương liệu,Giấm,-,101589,
Thực phẩm và đồ uống,Nguyên liệu nấu ăn,Gia vị & Hương liệu,Rượu nấu ăn,-,101590,
Thực phẩm và đồ uống,Nguyên liệu nấu ăn,Gia vị & Hương liệu,Nước chấm,-,101591,
Thực phẩm và đồ uống,Nguyên liệu nấu ăn,Gia vị & Hương liệu,Khác,-,101592,
Thực phẩm và đồ uống,Nguyên liệu nấu ăn,Đường,-,-,100805,
Thực phẩm và đồ uống,Nguyên liệu nấu ăn,Chất tạo ngọt,-,-,100806,
Thực phẩm và đồ uống,Nguyên liệu nấu ăn,Sốt & súp ăn liền,-,-,100807,
Thực phẩm và đồ uống,Nguyên liệu nấu ăn,Gói/ bột gia vị,-,-,100808,
Thực phẩm và đồ uống,Nguyên liệu nấu ăn,Phụ gia thực phẩm,-,-,100809,
Thực phẩm và đồ uống,Nguyên liệu nấu ăn,Bột phủ,-,-,100810,
Thực phẩm và đồ uống,Nguyên liệu nấu ăn,Khác,-,-,100811,
Thực phẩm và đồ uống,Đồ làm bánh,Hương liệu,-,-,100812,
Thực phẩm và đồ uống,Đồ làm bánh,Bột nở và muối nở,-,-,100813,
Thực phẩm và đồ uống,Đồ làm bánh,Bột pha sẵn,-,-,100814,
Thực phẩm và đồ uống,Đồ làm bánh,Bột mì,-,-,100815,
Thực phẩm và đồ uống,Đồ làm bánh,Chất tạo màu,-,-,100816,
Thực phẩm và đồ uống,Đồ làm bánh,Đồ trang trí,-,-,100817,
Thực phẩm và đồ uống,Đồ làm bánh,Khác,-,-,100818,
Thực phẩm và đồ uống,Ngũ cốc & mứt,Mật ong và siro,-,-,100819,
Thực phẩm và đồ uống,Ngũ cốc & mứt,Mứt,-,-,100820,
Thực phẩm và đồ uống,Ngũ cốc & mứt,Ngũ cốc,-,-,100821,
Thực phẩm và đồ uống,Ngũ cốc & mứt,Thanh dinh dưỡng,-,-,100822,
Thực phẩm và đồ uống,Đồ uống,Cà phê,-,-,100824,
Thực phẩm và đồ uống,Đồ uống,Trà & trà túi lọc,-,-,100825,
Thực phẩm và đồ uống,Đồ uống,Thức uống Sô cô la,-,-,100826,
Thực phẩm và đồ uống,Đồ uống,Nước tăng lực,-,-,100827,
Thực phẩm và đồ uống,Đồ uống,Nước tinh khiết,-,-,100828,
Thực phẩm và đồ uống,Đồ uống,Nước trái cây lên men,-,-,100829,
Thực phẩm và đồ uống,Đồ uống,Siro pha,-,-,100830,
Thực phẩm và đồ uống,Đồ uống,Nước có ga,-,-,100831,
Thực phẩm và đồ uống,Đồ uống,Bột pha,-,-,100832,
Thực phẩm và đồ uống,Đồ uống,Đồ tráng miệng,-,-,100833,
Thực phẩm và đồ uống,Đồ uống,Trà thảo mộc,-,-,100834,
Thực phẩm và đồ uống,Đồ uống,Topping,-,-,100835,
Thực phẩm và đồ uống,Đồ uống,Sữa thực vật,-,-,100836,
Thực phẩm và đồ uống,Sữa - trứng,Sữa,Sữa tươi,-,101593,
Thực phẩm và đồ uống,Sữa - trứng,Sữa,Sữa tiệt trùng,-,101594,
Thực phẩm và đồ uống,Sữa - trứng,Sữa,Sữa đặc,-,101595,
Thực phẩm và đồ uống,Sữa - trứng,Sữa,Sữa bột,-,101596,
Thực phẩm và đồ uống,Sữa - trứng,Sữa chua,-,-,100839,
Thực phẩm và đồ uống,Sữa - trứng,Bột kem béo,-,-,100840,
Thực phẩm và đồ uống,Sữa - trứng,Bơ động vật & thực vật,-,-,100841,
Thực phẩm và đồ uống,Sữa - trứng,Phô mai & bột phô mai,-,-,100842,
Thực phẩm và đồ uống,Sữa - trứng,Kem,-,-,100843,
Thực phẩm và đồ uống,Sữa - trứng,Trứng,-,-,100844,
Thực phẩm và đồ uống,Sữa - trứng,Đậu phụ,-,-,100845,
Chăm Sóc Thú Cưng,Thức ăn cho thú cưng,Thức ăn cho chó,-,-,100906,
Chăm Sóc Thú Cưng,Thức ăn cho thú cưng,Snack cho chó,-,-,100907,
Chăm Sóc Thú Cưng,Thức ăn cho thú cưng,Thức ăn cho mèo,-,-,100908,
Chăm Sóc Thú Cưng,Thức ăn cho thú cưng,Snack cho mèo,-,-,100909,
Chăm Sóc Thú Cưng,Thức ăn cho thú cưng,Thức ăn cho thú nhỏ,-,-,100910,
Chăm Sóc Thú Cưng,Thức ăn cho thú cưng,Snack cho thú nhỏ,-,-,100911,
Chăm Sóc Thú Cưng,Thức ăn cho thú cưng,Thức ăn cho cá,-,-,100912,
Chăm Sóc Thú Cưng,Thức ăn cho thú cưng,Thức ăn cho chim,-,-,100913,
Chăm Sóc Thú Cưng,Thức ăn cho thú cưng,Thức ăn cho bò sát,-,-,100914,
Chăm Sóc Thú Cưng,Phụ kiện cho thú cưng,Bát & dụng cụ ăn,-,-,100916,
Chăm Sóc Thú Cưng,Phụ kiện cho thú cưng,Thiết bị du lịch,-,-,100917,
Chăm Sóc Thú Cưng,Phụ kiện cho thú cưng,"Vòng cổ, dây dắt & rọ mõm",-,-,100918,
Chăm Sóc Thú Cưng,Phụ kiện cho thú cưng,Đồ chơi,Đồ chơi cho chó mèo,Đồ chơi đuổi bắt,101925,
Chăm Sóc Thú Cưng,Phụ kiện cho thú cưng,Đồ chơi,Đồ chơi cho chó mèo,"Đồ chơi gặm, xương nhai & bóng",101926,
Chăm Sóc Thú Cưng,Phụ kiện cho thú cưng,Đồ chơi,Đồ chơi cho chó mèo,Đĩa bay huấn luyện,101927,
Chăm Sóc Thú Cưng,Phụ kiện cho thú cưng,Đồ chơi,Đồ chơi cho thú nhỏ,-,101678,
Chăm Sóc Thú Cưng,Phụ kiện cho thú cưng,Đồ chơi,Đồ chơi cho chim,-,101679,
Chăm Sóc Thú Cưng,Phụ kiện cho thú cưng,Nội thất cho thú cưng,Đệm & Thảm,-,101681,
Chăm Sóc Thú Cưng,Phụ kiện cho thú cưng,Nội thất cho thú cưng,Nhà,-,101682,
Chăm Sóc Thú Cưng,Phụ kiện cho thú cưng,Nội thất cho thú cưng,Phụ kiện nhà & chuồng,-,101683,
Chăm Sóc Thú Cưng,Phụ kiện cho thú cưng,Nội thất cho thú cưng,Chuồng & lồng,-,101684,
Chăm Sóc Thú Cưng,Phụ kiện cho thú cưng,Nội thất cho thú cưng,Bàn & cây cào móng,-,101685,
Chăm Sóc Thú Cưng,Phụ kiện cho thú cưng,Phụ kiện thủy sinh,-,-,100921,
Chăm Sóc Thú Cưng,Vệ sinh cho thú cưng,Khay & Bồn vệ sinh cho mèo,-,-,100923,
Chăm Sóc Thú Cưng,Vệ sinh cho thú cưng,Lót chuồng cho thú nhỏ,-,-,100924,
Chăm Sóc Thú Cưng,Vệ sinh cho thú cưng,Tã cho thú cưng,-,-,100925,
Chăm Sóc Thú Cưng,Vệ sinh cho thú cưng,Khay huấn luyện vệ sinh cho chó,-,-,100926,
Chăm Sóc Thú Cưng,Vệ sinh cho thú cưng,Túi & Xẻng dọn vệ sinh,-,-,100927,
Chăm Sóc Thú Cưng,Vệ sinh cho thú cưng,Khác,-,-,100928,
Chăm Sóc Thú Cưng,Làm đẹp cho thú cưng,Chăm sóc lông,-,-,100929,
Chăm Sóc Thú Cưng,Làm đẹp cho thú cưng,Chăm sóc răng miệng,-,-,100930,
Chăm Sóc Thú Cưng,Làm đẹp cho thú cưng,Chăm sóc móng,-,-,100931,
Chăm Sóc Thú Cưng,Làm đẹp cho thú cưng,Khác,-,-,100932,
Chăm Sóc Thú Cưng,Quần áo & phụ kiện,Quần áo thú cưng,-,-,100933,
Chăm Sóc Thú Cưng,Quần áo & phụ kiện,Áo mưa chó mèo,-,-,100934,
Chăm Sóc Thú Cưng,Quần áo & phụ kiện,"Giày, tất & bảo vệ móng",-,-,100935,
Chăm Sóc Thú Cưng,Quần áo & phụ kiện,Phụ kiện đeo cổ,-,-,100936,
Chăm Sóc Thú Cưng,Quần áo & phụ kiện,Kính mắt,-,-,100937,
Chăm Sóc Thú Cưng,Quần áo & phụ kiện,Phụ kiện lông,-,-,100938,
Chăm Sóc Thú Cưng,Quần áo & phụ kiện,Mũ nón thú cưng,-,-,100939,
Mẹ & Bé,Đồ dùng du lịch cho bé,Địu em bé,-,-,100945,
Mẹ & Bé,Đồ dùng du lịch cho bé,Xe đẩy,-,-,100946,
Mẹ & Bé,Đồ dùng du lịch cho bé,Phụ kiện xe đẩy,-,-,100947,
Mẹ & Bé,Đồ dùng du lịch cho bé,Ghế ngồi ô tô & xe máy,-,-,100948,
Mẹ & Bé,Đồ dùng du lịch cho bé,Phụ kiện ghế ngồi ô tô & xe máy,-,-,100949,
Mẹ & Bé,Đồ dùng du lịch cho bé,Túi đựng bỉm sữa,-,-,100950,
Mẹ & Bé,Đồ dùng du lịch cho bé,Dây & Đai dắt trẻ,-,-,100951,
Mẹ & Bé,Đồ dùng ăn dặm cho bé,Bình sữa,Túi ủ bình sữa,-,101691,
Mẹ & Bé,Đồ dùng ăn dặm cho bé,Bình sữa,Bình sữa & Phụ kiện,-,101692,
Mẹ & Bé,Đồ dùng ăn dặm cho bé,Bình sữa,Dụng cụ vệ sinh bình sữa,-,101693,
Mẹ & Bé,Đồ dùng ăn dặm cho bé,Bình sữa,Máy hâm sữa,-,101694,
Mẹ & Bé,Đồ dùng ăn dặm cho bé,Bình sữa,Máy tiệt trùng bình sữa,-,101695,
Mẹ & Bé,Đồ dùng ăn dặm cho bé,Đồ dùng cho con bú,Máy hút sữa & phụ kiện,-,101697,
Mẹ & Bé,Đồ dùng ăn dặm cho bé,Đồ dùng cho con bú,Miếng lót thấm sữa,-,101698,
Mẹ & Bé,Đồ dùng ăn dặm cho bé,Đồ dùng cho con bú,Khăn choàng cho con bú,-,101699,
Mẹ & Bé,Đồ dùng ăn dặm cho bé,Đồ dùng cho con bú,Túi trữ sữa,-,101700,
Mẹ & Bé,Đồ dùng ăn dặm cho bé,Ghế ăn dặm,-,-,100955,
Mẹ & Bé,Đồ dùng ăn dặm cho bé,Đồ dùng cho bé,"Ly, cốc cho bé",-,101702,
Mẹ & Bé,Đồ dùng ăn dặm cho bé,Đồ dùng cho bé,Đồ dùng ăn dặm,-,101703,
Mẹ & Bé,Đồ dùng ăn dặm cho bé,Đồ dùng cho bé,Hộp trữ thức ăn cho bé,-,101704,
Mẹ & Bé,Đồ dùng ăn dặm cho bé,Yếm,-,-,100957,
Mẹ & Bé,Đồ dùng ăn dặm cho bé,Ti giả,-,-,100958,
Mẹ & Bé,Đồ dùng ăn dặm cho bé,Máy xay cắt thực phẩm,-,-,100959,
Mẹ & Bé,Phụ kiện cho mẹ,Đai hỗ trợ bụng,-,-,100961,
Mẹ & Bé,Phụ kiện cho mẹ,Gối bầu,-,-,100962,
Mẹ & Bé,Đồ dùng phòng tắm & Chăm sóc cơ thể bé,Chậu tắm & Ghế tắm,-,-,100968,
Mẹ & Bé,Đồ dùng phòng tắm & Chăm sóc cơ thể bé,"Áo choàng tắm, Khăn tắm & Khăn mặt",-,-,100969,
Mẹ & Bé,Đồ dùng phòng tắm & Chăm sóc cơ thể bé,Nón tắm,-,-,100970,
Mẹ & Bé,Đồ dùng phòng tắm & Chăm sóc cơ thể bé,Dụng cụ tắm & Phụ kiện,-,-,100971,
Mẹ & Bé,Đồ dùng phòng tắm & Chăm sóc cơ thể bé,Bộ chăm sóc trẻ sơ sinh,-,-,100974,
Mẹ & Bé,Đồ dùng phòng tắm & Chăm sóc cơ thể bé,Khăn lau,-,-,100975,
Mẹ & Bé,Đồ dùng phòng ngủ cho bé,Nôi & Cũi & Giường cho bé,-,-,100978,
Mẹ & Bé,Đồ dùng phòng ngủ cho bé,"Ghế rung, Ghế nhún & Xích đu tập đi",-,-,100979,
Mẹ & Bé,Đồ dùng phòng ngủ cho bé,Xe tập đi,-,-,100980,
Mẹ & Bé,Đồ dùng phòng ngủ cho bé,Nệm và chăn ga,Chăn & Quấn em bé,-,101706,
Mẹ & Bé,Đồ dùng phòng ngủ cho bé,Nệm và chăn ga,Gối,-,101707,
Mẹ & Bé,Đồ dùng phòng ngủ cho bé,Nệm và chăn ga,Ga trải giường,-,101708,
Mẹ & Bé,Đồ dùng phòng ngủ cho bé,Kệ & Tủ,-,-,100982,
Mẹ & Bé,An toàn cho bé,Thiết bị giám sát trẻ,-,-,100984,
Mẹ & Bé,An toàn cho bé,Màn chống muỗi,-,-,100985,
Mẹ & Bé,An toàn cho bé,"Bộ đệm cũi, Quây cũi & Thanh chắn giường",-,-,100986,
Mẹ & Bé,An toàn cho bé,Bọc góc & Cạnh,-,-,100987,
Mẹ & Bé,An toàn cho bé,Thanh chắn cửa & Cầu thang,-,-,100988,
Mẹ & Bé,An toàn cho bé,Khóa & Dây đai an toàn,-,-,100989,
Mẹ & Bé,Chăm sóc sức khỏe bé,Chăm sóc mũi cho bé,-,-,100996,
Mẹ & Bé,Chăm sóc sức khỏe bé,Chăm sóc da cho bé,Sữa & Kem dưỡng da,-,101710,
Mẹ & Bé,Chăm sóc sức khỏe bé,Chăm sóc da cho bé,Phấn cho bé,-,101712,
Mẹ & Bé,Chăm sóc sức khỏe bé,Chăm sóc răng miệng cho bé,-,-,100998,
Mẹ & Bé,Chăm sóc sức khỏe bé,Chống nắng cho bé,-,-,100999,
Mẹ & Bé,Tã & bô em bé,Bộ lót thay tã,-,-,101001,
Mẹ & Bé,Tã & bô em bé,Bệ thu nhỏ bồn cầu & Bô vệ sinh,-,-,101002,
Mẹ & Bé,Tã & bô em bé,Tã dùng một lần,-,-,101003,
Mẹ & Bé,Tã & bô em bé,Tã vải & Phụ kiện,-,-,101004,
Mẹ & Bé,Đồ chơi,Đồ chơi cho trẻ sơ sinh & trẻ nhỏ,Thảm chơi nhạc,-,101714,
Mẹ & Bé,Đồ chơi,Đồ chơi cho trẻ sơ sinh & trẻ nhỏ,Cũi & Quây em bé,-,101715,
Mẹ & Bé,Đồ chơi,Đồ chơi cho trẻ sơ sinh & trẻ nhỏ,Đồ chơi nhà tắm,-,101716,
Mẹ & Bé,Đồ chơi,Đồ chơi cho trẻ sơ sinh & trẻ nhỏ,"Đồ chơi treo cũi, nôi & Lục lạc",-,101717,
Mẹ & Bé,Đồ chơi,Đồ chơi cho trẻ sơ sinh & trẻ nhỏ,Gặm nướu,-,101718,
Mẹ & Bé,Đồ chơi,Đồ chơi lắp ráp,-,-,101007,
Mẹ & Bé,Đồ chơi,Búp bê & Thú nhồi bông,Búp bê & Phụ kiện,-,101720,
Mẹ & Bé,Đồ chơi,Búp bê & Thú nhồi bông,Nhà búp bê & Phụ kiện,-,101721,
Mẹ & Bé,Đồ chơi,Búp bê & Thú nhồi bông,Thú nhồi bông,-,101722,
Mẹ & Bé,Đồ chơi,Đồ chơi nhập vai,-,-,101009,
Mẹ & Bé,Đồ chơi,Xe đồ chơi,-,-,101010,
Mẹ & Bé,Đồ chơi,Đồ chơi vận động & Ngoài trời,"Xe đạp, Xe chòi chân & Xe điện",-,101724,
Mẹ & Bé,Đồ chơi,Đồ chơi vận động & Ngoài trời,Nhà hơi & Cầu trượt,-,101725,
Mẹ & Bé,Đồ chơi,Đồ chơi vận động & Ngoài trời,"Lều, Ống đường hầm & Nhà banh",-,101726,
Mẹ & Bé,Đồ chơi,Đồ chơi vận động & Ngoài trời,"Phao tắm, Đồ chơi nước & Xúc cát",-,101727,
Mẹ & Bé,Đồ chơi,Đồ chơi vận động & Ngoài trời,Đồ chơi thể thao,-,101729,
Mẹ & Bé,Đồ chơi,Đồ chơi vận động & Ngoài trời,"Đồ chơi mô hình bay, diều & Chong chóng",-,101730,
Mẹ & Bé,Đồ chơi,Đồ chơi giáo dục,Đồ chơi mỹ thuật & Thủ công,-,101732,
Mẹ & Bé,Đồ chơi,Đồ chơi giáo dục,Đồ chơi toán học,-,101733,
Mẹ & Bé,Đồ chơi,Đồ chơi giáo dục,Đồ chơi khoa học & Công nghệ,-,101734,
Mẹ & Bé,Đồ chơi,Đồ chơi giáo dục,Đồ chơi hình khối,-,101735,
Mẹ & Bé,Đồ chơi,Đồ chơi giáo dục,Đồ chơi xếp hình,-,101736,
Mẹ & Bé,Đồ chơi,Đồ chơi giáo dục,Đồ chơi âm nhạc,-,101737,
Mẹ & Bé,Đồ chơi,Đồ chơi giáo dục,Đồ chơi điện tử & Máy tính đồ chơi,-,101738,
Mẹ & Bé,Đồ chơi,Đồ chơi Robot,-,-,101013,
Mẹ & Bé,Đồ chơi,Slime & Đồ chơi nhựa dẻo,-,-,101014,
Mẹ & Bé,Bộ & Gói quà tặng,-,-,-,100685,
Thời trang trẻ em & trẻ sơ sinh,Quần áo trẻ em,Áo khoác nhẹ,-,-,101016,
Thời trang trẻ em & trẻ sơ sinh,Quần áo trẻ em,Áo khoác mùa đông,-,-,101017,
Thời trang trẻ em & trẻ sơ sinh,Quần áo trẻ em,Váy,-,-,101018,
Thời trang trẻ em & trẻ sơ sinh,Quần áo trẻ em,Quần/Chân váy,Quần dài & legging,-,101740,
Thời trang trẻ em & trẻ sơ sinh,Quần áo trẻ em,Quần/Chân váy,Quần ngắn,-,101741,
Thời trang trẻ em & trẻ sơ sinh,Quần áo trẻ em,Quần/Chân váy,Chân váy,-,101742,
Thời trang trẻ em & trẻ sơ sinh,Quần áo trẻ em,Đồ ngủ,-,-,101020,
Thời trang trẻ em & trẻ sơ sinh,Quần áo trẻ em,Áo,-,-,101021,
Thời trang trẻ em & trẻ sơ sinh,Quần áo trẻ em,Bộ đồ liền thân,-,-,101022,
Thời trang trẻ em & trẻ sơ sinh,Quần áo trẻ em,Bộ quần áo,-,-,101023,
Thời trang trẻ em & trẻ sơ sinh,Quần áo trẻ em,Đồ bơi,-,-,101024,
Thời trang trẻ em & trẻ sơ sinh,Bao tay trẻ em & Tất,-,-,-,100688,
Thời trang trẻ em & trẻ sơ sinh,Phụ kiện trẻ em & trẻ sơ sinh,Túi xách & vali,Balo,-,101744,
Thời trang trẻ em & trẻ sơ sinh,Phụ kiện trẻ em & trẻ sơ sinh,Túi xách & vali,Túi đeo chéo/túi đeo vai,-,101745,
Thời trang trẻ em & trẻ sơ sinh,Phụ kiện trẻ em & trẻ sơ sinh,Túi xách & vali,Vali kéo,-,101746,
Thời trang trẻ em & trẻ sơ sinh,Phụ kiện trẻ em & trẻ sơ sinh,Túi xách & vali,Ví,-,101747,
Thời trang trẻ em & trẻ sơ sinh,Phụ kiện trẻ em & trẻ sơ sinh,Mũ & mũ lưỡi trai,-,-,101027,
Thời trang trẻ em & trẻ sơ sinh,Phụ kiện trẻ em & trẻ sơ sinh,Mắt kính,-,-,101028,
Thời trang trẻ em & trẻ sơ sinh,Phụ kiện trẻ em & trẻ sơ sinh,Phụ kiện tóc,-,-,101029,
Thời trang trẻ em & trẻ sơ sinh,Phụ kiện trẻ em & trẻ sơ sinh,Găng tay,-,-,101030,
Thời trang trẻ em & trẻ sơ sinh,Phụ kiện trẻ em & trẻ sơ sinh,Thắt lưng,-,-,101031,
Thời trang trẻ em & trẻ sơ sinh,Phụ kiện trẻ em & trẻ sơ sinh,Tất,-,-,101032,
Thời trang trẻ em & trẻ sơ sinh,Phụ kiện trẻ em & trẻ sơ sinh,Khăn,-,-,101033,
Thời trang trẻ em & trẻ sơ sinh,Phụ kiện trẻ em & trẻ sơ sinh,Đồng hồ,-,-,101034,
Thời trang trẻ em & trẻ sơ sinh,Phụ kiện trẻ em & trẻ sơ sinh,Trang sức,Vòng Tay,-,101749,
Thời trang trẻ em & trẻ sơ sinh,Phụ kiện trẻ em & trẻ sơ sinh,Trang sức,Bông Tai,-,101750,
Thời trang trẻ em & trẻ sơ sinh,Phụ kiện trẻ em & trẻ sơ sinh,Trang sức,Vòng Cổ,-,101751,
Thời trang trẻ em & trẻ sơ sinh,Phụ kiện trẻ em & trẻ sơ sinh,Trang sức,Nhẫn,-,101752,
Thời trang trẻ em & trẻ sơ sinh,Phụ kiện trẻ em & trẻ sơ sinh,Đồ đi mưa,Áo mưa,-,101754,
Thời trang trẻ em & trẻ sơ sinh,Phụ kiện trẻ em & trẻ sơ sinh,Đồ đi mưa,Ủng đi mưa,-,101755,
Thời trang trẻ em & trẻ sơ sinh,Phụ kiện trẻ em & trẻ sơ sinh,Chụp tai,-,-,101037,
Thời trang trẻ em & trẻ sơ sinh,Quần áo bé trai,Đồ hóa trang,-,-,101039,
Thời trang trẻ em & trẻ sơ sinh,Quần áo bé trai,Đồ lót,-,-,101040,
Thời trang trẻ em & trẻ sơ sinh,Quần áo bé trai,Đồ ngủ,-,-,101041,
Thời trang trẻ em & trẻ sơ sinh,Quần áo bé trai,Đồ bơi,-,-,101042,
Thời trang trẻ em & trẻ sơ sinh,Quần áo bé trai,Áo,Áo thun,-,101757,
Thời trang trẻ em & trẻ sơ sinh,Quần áo bé trai,Áo,Áo polo,-,101758,
Thời trang trẻ em & trẻ sơ sinh,Quần áo bé trai,Áo,Áo sơ mi,-,101759,
Thời trang trẻ em & trẻ sơ sinh,Quần áo bé trai,Áo khoác,Áo choàng & áo khoác,-,101761,
Thời trang trẻ em & trẻ sơ sinh,Quần áo bé trai,Áo khoác,Áo khoác mùa đông,-,101762,
Thời trang trẻ em & trẻ sơ sinh,Quần áo bé trai,Áo khoác,Áo gi lê,-,101763,
Thời trang trẻ em & trẻ sơ sinh,Quần áo bé trai,Áo khoác,Áo len chui đầu & cardigan,-,101764,
Thời trang trẻ em & trẻ sơ sinh,Quần áo bé trai,Áo khoác,Blazers,-,101765,
Thời trang trẻ em & trẻ sơ sinh,Quần áo bé trai,Áo khoác,Áo nỉ có mũ,-,101766,
Thời trang trẻ em & trẻ sơ sinh,Quần áo bé trai,Quần,Quần Jeans,-,101768,
Thời trang trẻ em & trẻ sơ sinh,Quần áo bé trai,Quần,Quần dài,-,101769,
Thời trang trẻ em & trẻ sơ sinh,Quần áo bé trai,Quần,Quần ngắn,-,101770,
Thời trang trẻ em & trẻ sơ sinh,Quần áo bé trai,Quần,Quần yếm,-,101771,
Thời trang trẻ em & trẻ sơ sinh,Quần áo bé trai,Com lê & đồ bộ,-,-,101046,
Thời trang trẻ em & trẻ sơ sinh,Quần áo bé gái,Đồ hóa trang,-,-,101048,
Thời trang trẻ em & trẻ sơ sinh,Quần áo bé gái,Đồ lót,-,-,101049,
Thời trang trẻ em & trẻ sơ sinh,Quần áo bé gái,Đồ ngủ,-,-,101050,
Thời trang trẻ em & trẻ sơ sinh,Quần áo bé gái,Đồ bơi,-,-,101051,
Thời trang trẻ em & trẻ sơ sinh,Quần áo bé gái,Áo,Áo thun,-,101773,
Thời trang trẻ em & trẻ sơ sinh,Quần áo bé gái,Áo,Áo polo,-,101774,
Thời trang trẻ em & trẻ sơ sinh,Quần áo bé gái,Áo,Áo sơmi,-,101775,
Thời trang trẻ em & trẻ sơ sinh,Quần áo bé gái,Áo khoác,Áo choàng & áo khoác,-,101777,
Thời trang trẻ em & trẻ sơ sinh,Quần áo bé gái,Áo khoác,Áo khoác mùa đông,-,101778,
Thời trang trẻ em & trẻ sơ sinh,Quần áo bé gái,Áo khoác,Áo gi lê,-,101779,
Thời trang trẻ em & trẻ sơ sinh,Quần áo bé gái,Áo khoác,Áo len chui đầu & cardigan,-,101780,
Thời trang trẻ em & trẻ sơ sinh,Quần áo bé gái,Áo khoác,Blazers,-,101781,
Thời trang trẻ em & trẻ sơ sinh,Quần áo bé gái,Áo khoác,Áo hoodie,-,101782,
Thời trang trẻ em & trẻ sơ sinh,Quần áo bé gái,Quần,Quần jeans,-,101784,
Thời trang trẻ em & trẻ sơ sinh,Quần áo bé gái,Quần,Quần dài,-,101785,
Thời trang trẻ em & trẻ sơ sinh,Quần áo bé gái,Quần,Quần ngắn,-,101786,
Thời trang trẻ em & trẻ sơ sinh,Quần áo bé gái,Quần,Chân váy,-,101787,
Thời trang trẻ em & trẻ sơ sinh,Quần áo bé gái,Quần,Quần leggings,-,101788,
Thời trang trẻ em & trẻ sơ sinh,Quần áo bé gái,Đồ liền thân,-,-,101055,
Thời trang trẻ em & trẻ sơ sinh,Quần áo bé gái,Váy,-,-,101056,
Thời trang trẻ em & trẻ sơ sinh,Quần áo bé gái,Com lê & đồ bộ,-,-,101057,
Thời trang trẻ em & trẻ sơ sinh,Giày bé trai,Bốt,-,-,101059,
Thời trang trẻ em & trẻ sơ sinh,Giày bé trai,Dép quai hậu,-,-,101060,
Thời trang trẻ em & trẻ sơ sinh,Giày bé trai,Giày thể thao,-,-,101061,
Thời trang trẻ em & trẻ sơ sinh,Giày bé trai,Dép lê,-,-,101062,
Thời trang trẻ em & trẻ sơ sinh,Giày bé trai,Giày tây,-,-,101063,
Thời trang trẻ em & trẻ sơ sinh,Giày bé trai,Giày lười,-,-,101064,
Thời trang trẻ em & trẻ sơ sinh,Giày bé gái,Bốt,-,-,101066,
Thời trang trẻ em & trẻ sơ sinh,Giày bé gái,Dép quai hậu,-,-,101067,
Thời trang trẻ em & trẻ sơ sinh,Giày bé gái,Giày thể thao,-,-,101068,
Thời trang trẻ em & trẻ sơ sinh,Giày bé gái,Giày lười,-,-,101069,
Thời trang trẻ em & trẻ sơ sinh,Giày bé gái,Dép lê,-,-,101070,
Thời trang trẻ em & trẻ sơ sinh,Giày bé gái,Giày bệt,-,-,101071,
Gaming & Console,Máy chơi game,Playstation,-,-,101073,
Gaming & Console,Máy chơi game,Xbox,-,-,101074,
Gaming & Console,Máy chơi game,Wii,-,-,101075,
Gaming & Console,Máy chơi game,Nintendo DS,-,-,101076,
Gaming & Console,Máy chơi game,Gameboy,-,-,101077,
Gaming & Console,Máy chơi game,Switch,-,-,101078,
Gaming & Console,Máy chơi game,PS Vita,-,-,101079,
Gaming & Console,Máy chơi game,PSP,-,-,101080,
Gaming & Console,Phụ kiện console,-,-,-,100696,
Gaming & Console,Video Games,Game Playstation,-,-,101082,
Gaming & Console,Video Games,Game Xbox,-,-,101083,
Gaming & Console,Video Games,Game Wii,-,-,101084,
Gaming & Console,Video Games,Game Nintendo DS,-,-,101085,
Gaming & Console,Video Games,Game Gameboy,-,-,101086,
Gaming & Console,Video Games,Game Switch,-,-,101087,
Gaming & Console,Video Games,Game PS Vita,-,-,101088,
Gaming & Console,Video Games,Game PSP,-,-,101089,
Gaming & Console,Video Games,Game PC,-,-,101090,
Cameras & Flycam,Máy ảnh,Máy ảnh kỹ thuật số,-,-,101092,
Cameras & Flycam,Máy ảnh,Máy ảnh không gương lật,-,-,101093,
Cameras & Flycam,Máy ảnh,Máy quay hành động,-,-,101094,
Cameras & Flycam,Máy ảnh,Máy quay phim,-,-,101095,
Cameras & Flycam,Máy ảnh,Máy ảnh chụp lấy liền,-,-,101096,
Cameras & Flycam,Máy ảnh,Máy ảnh film,-,-,101097,
Cameras & Flycam,Máy ảnh,Máy ảnh cơ/DSLRs,-,-,101098,
Cameras & Flycam,Camera giám sát,Camera giám sát kết nối internet,-,-,101100,
Cameras & Flycam,Camera giám sát,Đầu ghi hình,-,-,101101,
Cameras & Flycam,Camera giám sát,Camera giả chống trộm,-,-,101102,
Cameras & Flycam,Ống kính,-,-,-,100701,
Cameras & Flycam,Phụ kiện ống kính,Ngàm ống kính & Ngàm chuyển đổi ống,-,-,101105,
Cameras & Flycam,Phụ kiện ống kính,Nắp ống kính,-,-,101106,
Cameras & Flycam,Phụ kiện ống kính,Kính lọc,-,-,101107,
Cameras & Flycam,Phụ kiện ống kính,Loa che sáng ống kính,-,-,101108,
Cameras & Flycam,Phụ kiện ống kính,Khác,-,-,101109,
Cameras & Flycam,Phụ kiện máy ảnh,Đèn Flash,-,-,101110,
Cameras & Flycam,Phụ kiện máy ảnh,Phụ kiện đèn Flash,Thiết bị kích đèn,-,102021,
Cameras & Flycam,Phụ kiện máy ảnh,Phụ kiện đèn Flash,Dụng cụ tản sáng,-,102022,
Cameras & Flycam,Phụ kiện máy ảnh,Tay cầm chống rung,-,-,101112,
Cameras & Flycam,Phụ kiện máy ảnh,Thiết bị ánh sáng và phòng chụp,-,-,101113,
Cameras & Flycam,Phụ kiện máy ảnh,Giấy & phim in ảnh,-,-,101114,
Cameras & Flycam,Phụ kiện máy ảnh,Máy in ảnh,-,-,101115,
Cameras & Flycam,Phụ kiện máy ảnh,Túi đựng máy ảnh,-,-,101116,
Cameras & Flycam,Phụ kiện máy ảnh,Bộ sạc pin,-,-,101117,
Cameras & Flycam,Phụ kiện máy ảnh,Đế pin,-,-,101118,
Cameras & Flycam,Phụ kiện máy ảnh,Chân máy ảnh,-,-,101119,
Cameras & Flycam,Phụ kiện chăm sóc máy ảnh,Tủ & hộp chống ẩm,-,-,101121,
Cameras & Flycam,Phụ kiện chăm sóc máy ảnh,Bộ vệ sinh máy ảnh,-,-,101122,
Cameras & Flycam,Phụ kiện chăm sóc máy ảnh,Gói hút ẩm,-,-,101123,
Cameras & Flycam,Phụ kiện chăm sóc máy ảnh,Bóng thổi bụi,-,-,101124,
Cameras & Flycam,Phụ kiện chăm sóc máy ảnh,Bút lau & bàn chải làm sạch ống kính,-,-,101125,
Cameras & Flycam,Flycam,-,-,-,100705,
Cameras & Flycam,Phụ kiện Flycam,-,-,-,100706,
Nhà cửa & Đời sống,"Chất khử mùi, làm thơm nhà","Chất khử mùi, làm thơm",-,-,101127,
Nhà cửa & Đời sống,"Chất khử mùi, làm thơm nhà",Tinh dầu thơm,-,-,101128,
Nhà cửa & Đời sống,"Chất khử mùi, làm thơm nhà","Máy khuếch tán, tạo ẩm & xông tinh dầu",-,-,101129,
Nhà cửa & Đời sống,Đồ dùng phòng tắm,"Bồn cầu, ghế và nắp bồn cầu",-,-,101131,
Nhà cửa & Đời sống,Đồ dùng phòng tắm,"Kệ đựng bàn chải, kệ nhả kem đánh răng",-,-,101132,
Nhà cửa & Đời sống,Đồ dùng phòng tắm,Kệ đựng xà phòng,-,-,101133,
Nhà cửa & Đời sống,Đồ dùng phòng tắm,Kệ để đồ phòng tắm,-,-,101134,
Nhà cửa & Đời sống,Đồ dùng phòng tắm,Bồn tắm,-,-,101135,
Nhà cửa & Đời sống,Đồ dùng phòng tắm,"Khăn mặt, khăn tắm, áo choàng tắm",Khăn tắm,-,101790,
Nhà cửa & Đời sống,Đồ dùng phòng tắm,"Khăn mặt, khăn tắm, áo choàng tắm",Khăn mặt,-,101791,
Nhà cửa & Đời sống,Đồ dùng phòng tắm,"Khăn mặt, khăn tắm, áo choàng tắm",Áo choàng tắm,-,101792,
Nhà cửa & Đời sống,Đồ dùng phòng tắm,"Khăn mặt, khăn tắm, áo choàng tắm",Khác,-,101793,
Nhà cửa & Đời sống,Đồ dùng phòng tắm,Vòi sen & vòi xịt vệ sinh,-,-,101137,
Nhà cửa & Đời sống,Đồ dùng phòng tắm,Bông tắm,-,-,101138,
Nhà cửa & Đời sống,Đồ dùng phòng tắm,Rèm cửa nhà tắm,-,-,101139,
Nhà cửa & Đời sống,Đồ dùng phòng tắm,"Ghế nhà tắm, ghế chống trượt",-,-,101140,
Nhà cửa & Đời sống,Đồ dùng phòng tắm,Tay cầm an toàn,-,-,101141,
Nhà cửa & Đời sống,Đồ dùng phòng tắm,Mũ tắm,-,-,101142,
Nhà cửa & Đời sống,Đồ dùng phòng tắm,Khác,-,-,101143,
Nhà cửa & Đời sống,Chăn ga gối nệm,Chiếu điều hòa,-,-,101144,
Nhà cửa & Đời sống,Chăn ga gối nệm,"Tấm bảo vệ nệm, topper",-,-,101145,
Nhà cửa & Đời sống,Chăn ga gối nệm,"Chăn, mền",-,-,101146,
Nhà cửa & Đời sống,Chăn ga gối nệm,Gối,-,-,101147,
Nhà cửa & Đời sống,Chăn ga gối nệm,"Ga trải giường, vỏ gối",-,-,101148,
Nhà cửa & Đời sống,Chăn ga gối nệm,Nệm,-,-,101149,
Nhà cửa & Đời sống,Chăn ga gối nệm,Mùng/ Màn chống muỗi,-,-,101150,
Nhà cửa & Đời sống,Chăn ga gối nệm,Gối ôm,-,-,101151,
Nhà cửa & Đời sống,Chăn ga gối nệm,Khác,-,-,101152,
Nhà cửa & Đời sống,Trang trí nhà cửa,Hoa trang trí,-,-,101153,
Nhà cửa & Đời sống,Trang trí nhà cửa,Vỏ bọc nội thất,-,-,101154,
Nhà cửa & Đời sống,Trang trí nhà cửa,"Rèm cửa, màn che",-,-,101155,
Nhà cửa & Đời sống,Trang trí nhà cửa,Khung ảnh & vật trang trí tường,-,-,101156,
Nhà cửa & Đời sống,Trang trí nhà cửa,"Decal, tranh dán tường",-,-,101157,
Nhà cửa & Đời sống,Trang trí nhà cửa,Đồng hồ,-,-,101158,
Nhà cửa & Đời sống,Trang trí nhà cửa,Thảm chùi chân,-,-,101159,
Nhà cửa & Đời sống,Trang trí nhà cửa,Thảm trải sàn,-,-,101160,
Nhà cửa & Đời sống,Trang trí nhà cửa,Bình trang trí,-,-,101161,
Nhà cửa & Đời sống,Trang trí nhà cửa,Nến & đồ đựng nến,-,-,101162,
Nhà cửa & Đời sống,Trang trí nhà cửa,Gương,-,-,101163,
Nhà cửa & Đời sống,Trang trí nhà cửa,Khăn trải bàn,-,-,101164,
Nhà cửa & Đời sống,Trang trí nhà cửa,Khác,-,-,101165,
Nhà cửa & Đời sống,Túi làm ấm,-,-,-,100712,
Nhà cửa & Đời sống,Nội thất,Đệm ngồi,-,-,101166,
Nhà cửa & Đời sống,Nội thất,Miếng chặn cửa,-,-,101167,
Nhà cửa & Đời sống,Nội thất,"Giường, khung giường",-,-,101168,
Nhà cửa & Đời sống,Nội thất,Bàn,-,-,101169,
Nhà cửa & Đời sống,Nội thất,Tủ quần áo,-,-,101170,
Nhà cửa & Đời sống,Nội thất,"Ghế, ghế dài, ghế đẩu",-,-,101171,
Nhà cửa & Đời sống,Nội thất,Ghế sofa,-,-,101172,
Nhà cửa & Đời sống,Nội thất,Tủ bếp,-,-,101173,
Nhà cửa & Đời sống,Nội thất,Kệ & Giá,-,-,101174,
Nhà cửa & Đời sống,Làm vườn,Cây cảnh,-,-,101176,
Nhà cửa & Đời sống,Làm vườn,Trang trí vườn,-,-,101177,
Nhà cửa & Đời sống,Làm vườn,Đất trồng,-,-,101178,
Nhà cửa & Đời sống,Làm vườn,Phân bón,-,-,101179,
Nhà cửa & Đời sống,Làm vườn,Hạt giống & chất hỗ trợ trồng cây,-,-,101180,
Nhà cửa & Đời sống,Làm vườn,Chậu cây,-,-,101181,
Nhà cửa & Đời sống,Làm vườn,Hệ thống tưới nước,-,-,101182,
Nhà cửa & Đời sống,Làm vườn,Dụng cụ làm vườn,-,-,101183,
Nhà cửa & Đời sống,Làm vườn,Khác,-,-,101184,
Nhà cửa & Đời sống,Làm vườn,"Máy cắt cỏ, dụng cụ cắt cỏ",-,-,101185,
Nhà cửa & Đời sống,Dụng cụ & Thiết bị tiện ích,Keo & chất kết chính công nghiệp,-,-,101186,
Nhà cửa & Đời sống,Dụng cụ & Thiết bị tiện ích,"Găng tay, kính bảo hộ & mặt nạ",-,-,101187,
Nhà cửa & Đời sống,Dụng cụ & Thiết bị tiện ích,Chậu rửa & vòi nước,-,-,101188,
Nhà cửa & Đời sống,Dụng cụ & Thiết bị tiện ích,Mái & sàn,-,-,101189,
Nhà cửa & Đời sống,Dụng cụ & Thiết bị tiện ích,Sơn & chất chống thấm tường,-,-,101190,
Nhà cửa & Đời sống,Dụng cụ & Thiết bị tiện ích,Dụng cụ,Hộp dụng cụ cầm tay,-,101794,
Nhà cửa & Đời sống,Dụng cụ & Thiết bị tiện ích,Dụng cụ,Dụng cụ đo lường,-,101795,
Nhà cửa & Đời sống,Dụng cụ & Thiết bị tiện ích,Dụng cụ,Bộ cờ lê,-,101796,
Nhà cửa & Đời sống,Dụng cụ & Thiết bị tiện ích,Dụng cụ,Búa,-,101797,
Nhà cửa & Đời sống,Dụng cụ & Thiết bị tiện ích,Dụng cụ,Kìm,-,101798,
Nhà cửa & Đời sống,Dụng cụ & Thiết bị tiện ích,Dụng cụ,"Đinh, vít & chốt",-,101799,
Nhà cửa & Đời sống,Dụng cụ & Thiết bị tiện ích,Dụng cụ,"Máy khoan, máy vặn vít & phụ kiện",-,101800,
Nhà cửa & Đời sống,Dụng cụ & Thiết bị tiện ích,Dụng cụ,"Cưa, máy cắt & máy mài",-,101801,
Nhà cửa & Đời sống,Dụng cụ & Thiết bị tiện ích,Dụng cụ,Máy rửa áp lực nước,-,101802,
Nhà cửa & Đời sống,Dụng cụ & Thiết bị tiện ích,Dụng cụ,Máy đo điện & đồng hồ vạn năng,-,101804,
Nhà cửa & Đời sống,Dụng cụ & Thiết bị tiện ích,Dụng cụ,Ống thăng bằng & bánh xe đo,-,101805,
Nhà cửa & Đời sống,Dụng cụ & Thiết bị tiện ích,Dụng cụ,Máy đo khoảng cách,-,101806,
Nhà cửa & Đời sống,Dụng cụ & Thiết bị tiện ích,Dụng cụ,Máy nén khí,-,101807,
Nhà cửa & Đời sống,Dụng cụ & Thiết bị tiện ích,Dụng cụ,"Giấy nhám, máy chà nhám và phụ kiện",-,101808,
Nhà cửa & Đời sống,Dụng cụ & Thiết bị tiện ích,Dụng cụ,Dụng cụ hàn điện,-,101809,
Nhà cửa & Đời sống,Dụng cụ & Thiết bị tiện ích,Dụng cụ,Máy thổi,-,101810,
Nhà cửa & Đời sống,Dụng cụ & Thiết bị tiện ích,Dụng cụ,Khác,-,101811,
Nhà cửa & Đời sống,Dụng cụ & Thiết bị tiện ích,Máy bơm nước & phụ kiện,-,-,101192,
Nhà cửa & Đời sống,Dụng cụ & Thiết bị tiện ích,Máy bơm khí & phụ kiện,-,-,101193,
Nhà cửa & Đời sống,Dụng cụ & Thiết bị tiện ích,Thang,-,-,101194,
Nhà cửa & Đời sống,Dụng cụ & Thiết bị tiện ích,Xe đẩy,-,-,101195,
Nhà cửa & Đời sống,Dụng cụ & Thiết bị tiện ích,"Mái hiên, bạt phủ",-,-,101196,
Nhà cửa & Đời sống,Dụng cụ & Thiết bị tiện ích,Vật liệu xây dựng,-,-,101197,
Nhà cửa & Đời sống,Dụng cụ & Thiết bị tiện ích,Cửa & cửa sổ,-,-,101198,
Nhà cửa & Đời sống,Dụng cụ & Thiết bị tiện ích,Khác,-,-,101199,
Nhà cửa & Đời sống,Dụng cụ chăm sóc nhà cửa,Dây phơi & giá phơi quần áo,-,-,101200,
Nhà cửa & Đời sống,Dụng cụ chăm sóc nhà cửa,Bàn chải vệ sinh,-,-,101201,
Nhà cửa & Đời sống,Dụng cụ chăm sóc nhà cửa,Chổi,-,-,101202,
Nhà cửa & Đời sống,Dụng cụ chăm sóc nhà cửa,Chổi phủi bụi,-,-,101203,
Nhà cửa & Đời sống,Dụng cụ chăm sóc nhà cửa,Cây lau nhà,-,-,101204,
Nhà cửa & Đời sống,Dụng cụ chăm sóc nhà cửa,"Chậu, xô & gáo nước",-,-,101205,
Nhà cửa & Đời sống,Dụng cụ chăm sóc nhà cửa,"Miếng bọt biển, miếng chà vệ sinh",-,-,101206,
Nhà cửa & Đời sống,Dụng cụ chăm sóc nhà cửa,Thùng rác,-,-,101207,
Nhà cửa & Đời sống,Dụng cụ chăm sóc nhà cửa,Túi nilon & túi rác,-,-,101208,
Nhà cửa & Đời sống,Dụng cụ chăm sóc nhà cửa,Khăn vệ sinh,-,-,101209,
Nhà cửa & Đời sống,Dụng cụ chăm sóc nhà cửa,Thuốc và dụng cụ diệt côn trùng,-,-,101210,
Nhà cửa & Đời sống,Dụng cụ chăm sóc nhà cửa,"Khăn giấy, giấy ướt",-,-,101211,
Nhà cửa & Đời sống,Dụng cụ chăm sóc nhà cửa,Giấy vệ sinh,-,-,101212,
Nhà cửa & Đời sống,Dụng cụ chăm sóc nhà cửa,Phụ kiện giặt là,Chất làm thơm quần áo,-,101812,
Nhà cửa & Đời sống,Dụng cụ chăm sóc nhà cửa,Phụ kiện giặt là,Nước xả,-,101813,
Nhà cửa & Đời sống,Dụng cụ chăm sóc nhà cửa,Phụ kiện giặt là,Nước giặt,-,101814,
Nhà cửa & Đời sống,Dụng cụ chăm sóc nhà cửa,Phụ kiện giặt là,Khác,-,101815,
Nhà cửa & Đời sống,Dụng cụ nhà bếp,Lò nướng & phụ kiện,-,-,101216,
Nhà cửa & Đời sống,Dụng cụ nhà bếp,Dụng cụ nướng & trang trí bánh,-,-,101217,
Nhà cửa & Đời sống,Dụng cụ nhà bếp,Chảo,-,-,101218,
Nhà cửa & Đời sống,Dụng cụ nhà bếp,Nồi,-,-,101219,
Nhà cửa & Đời sống,Dụng cụ nhà bếp,Hộp đựng thực phẩm,-,-,101220,
Nhà cửa & Đời sống,Dụng cụ nhà bếp,Màng bọc thực phẩm,-,-,101221,
Nhà cửa & Đời sống,Dụng cụ nhà bếp,Giấy bạc,-,-,101222,
Nhà cửa & Đời sống,Dụng cụ nhà bếp,"Dụng cụ pha trà, cà phê",-,-,101223,
Nhà cửa & Đời sống,Dụng cụ nhà bếp,Kệ để đồ nhà bếp,-,-,101224,
Nhà cửa & Đời sống,Dụng cụ nhà bếp,Tạp dề & găng tay nấu nướng,-,-,101225,
Nhà cửa & Đời sống,Dụng cụ nhà bếp,Cây vét bột & đồ gắp thức ăn,-,-,101226,
Nhà cửa & Đời sống,Dụng cụ nhà bếp,Thớt,-,-,101227,
Nhà cửa & Đời sống,Dụng cụ nhà bếp,Dao & kéo,-,-,101228,
Nhà cửa & Đời sống,Dụng cụ nhà bếp,Phới đánh trứng,-,-,101229,
Nhà cửa & Đời sống,Dụng cụ nhà bếp,Dụng cụ mở hộp,-,-,101230,
Nhà cửa & Đời sống,Dụng cụ nhà bếp,Dụng cụ đo lường,-,-,101231,
Nhà cửa & Đời sống,Dụng cụ nhà bếp,Dụng cụ lọc,-,-,101232,
Nhà cửa & Đời sống,Dụng cụ nhà bếp,"Bàn nạo, dụng cụ bào, cắt",-,-,101233,
Nhà cửa & Đời sống,Dụng cụ nhà bếp,Cân nhà bếp,-,-,101234,
Nhà cửa & Đời sống,Dụng cụ nhà bếp,Dụng cụ hút chân không,-,-,101235,
Nhà cửa & Đời sống,Dụng cụ nhà bếp,Khác,-,-,101237,
Nhà cửa & Đời sống,Bộ đồ bàn ăn,Bình nước,-,-,101238,
Nhà cửa & Đời sống,Bộ đồ bàn ăn,Bộ ấm trà,-,-,101239,
Nhà cửa & Đời sống,Bộ đồ bàn ăn,"Cốc, ly, tách uống nước",-,-,101240,
Nhà cửa & Đời sống,Bộ đồ bàn ăn,Bình nước & phụ kiện,-,-,101241,
Nhà cửa & Đời sống,Bộ đồ bàn ăn,Tô,-,-,101242,
Nhà cửa & Đời sống,Bộ đồ bàn ăn,Dĩa,-,-,101243,
Nhà cửa & Đời sống,Bộ đồ bàn ăn,Bộ dao kéo,-,-,101244,
Nhà cửa & Đời sống,Bộ đồ bàn ăn,Ống hút,-,-,101245,
Nhà cửa & Đời sống,Bộ đồ bàn ăn,Lồng bàn,-,-,101246,
Nhà cửa & Đời sống,Bộ đồ bàn ăn,"Khay, tấm lót bàn ăn",-,-,101247,
Nhà cửa & Đời sống,Bộ đồ bàn ăn,Khác,-,-,101248,
Nhà cửa & Đời sống,Đèn,-,-,-,100719,
Nhà cửa & Đời sống,Bảo hộ gia đình,Két sắt,-,-,101249,
Nhà cửa & Đời sống,Bảo hộ gia đình,"Khóa, ổ khóa",-,-,101251,
Nhà cửa & Đời sống,Sắp xếp nhà cửa,Mắc áo,-,-,101253,
Nhà cửa & Đời sống,Sắp xếp nhà cửa,"Hộp đựng, giỏ đựng đồ",-,-,101254,
Nhà cửa & Đời sống,Sắp xếp nhà cửa,"Kệ giày, hộp giày",-,-,101255,
Nhà cửa & Đời sống,Sắp xếp nhà cửa,Móc treo,-,-,101256,
Nhà cửa & Đời sống,Sắp xếp nhà cửa,"Túi giặt, giỏ đựng quần áo",-,-,101257,
Nhà cửa & Đời sống,Sắp xếp nhà cửa,Kệ sách để bàn,-,-,101258,
Nhà cửa & Đời sống,Sắp xếp nhà cửa,Sắp xếp tủ quần áo,-,-,101259,
Nhà cửa & Đời sống,Sắp xếp nhà cửa,Hộp đựng trang sức,-,-,101260,
Nhà cửa & Đời sống,Sắp xếp nhà cửa,Hộp khăn giấy,-,-,101261,
Nhà cửa & Đời sống,Sắp xếp nhà cửa,Khác,-,-,101262,
Nhà cửa & Đời sống,Trang trí tiệc tùng,Bong bóng,-,-,101263,
Nhà cửa & Đời sống,Trang trí tiệc tùng,Kẹp gỗ,-,-,101264,
Nhà cửa & Đời sống,Trang trí tiệc tùng,"Phông nền, biểu ngữ",-,-,101265,
Nhà cửa & Đời sống,Trang trí tiệc tùng,Thiệp,-,-,101266,
Nhà cửa & Đời sống,Trang trí tiệc tùng,"Chén, đĩa dùng một lần",-,-,101267,
Nhà cửa & Đời sống,Trang trí tiệc tùng,"Mũ, mặt nạ dự tiệc",-,-,101268,
Nhà cửa & Đời sống,Trang trí tiệc tùng,Băng đeo chéo,-,-,101269,
Nhà cửa & Đời sống,Trang trí tiệc tùng,Khác,-,-,101270,
Thể Thao & Dã Ngoại,Dụng Cụ Thể Thao & Dã Ngoại,Câu Cá,Lưỡi Câu,-,101816,
Thể Thao & Dã Ngoại,Dụng Cụ Thể Thao & Dã Ngoại,Câu Cá,Cần câu,-,101817,
Thể Thao & Dã Ngoại,Dụng Cụ Thể Thao & Dã Ngoại,Câu Cá,Máy Dò Tìm Cá,-,101818,
Thể Thao & Dã Ngoại,Dụng Cụ Thể Thao & Dã Ngoại,Câu Cá,Dây Câu,-,101819,
Thể Thao & Dã Ngoại,Dụng Cụ Thể Thao & Dã Ngoại,Câu Cá,Mồi Câu,-,101820,
Thể Thao & Dã Ngoại,Dụng Cụ Thể Thao & Dã Ngoại,Câu Cá,Túi Đựng Dụng Cụ Câu,-,101821,
Thể Thao & Dã Ngoại,Dụng Cụ Thể Thao & Dã Ngoại,Câu Cá,Lưới Bắt Cá,-,101822,
Thể Thao & Dã Ngoại,Dụng Cụ Thể Thao & Dã Ngoại,Câu Cá,Khác,-,101823,
Thể Thao & Dã Ngoại,Dụng Cụ Thể Thao & Dã Ngoại,Đạp Xe,Xe Đạp,-,101824,
Thể Thao & Dã Ngoại,Dụng Cụ Thể Thao & Dã Ngoại,Đạp Xe,Phụ Tùng & Phụ Kiện Xe Đạp,-,101825,
Thể Thao & Dã Ngoại,Dụng Cụ Thể Thao & Dã Ngoại,Đạp Xe,Mũ Bảo Hiểm Xe Đạp,-,101826,
Thể Thao & Dã Ngoại,Dụng Cụ Thể Thao & Dã Ngoại,Đạp Xe,Khác,-,101827,
Thể Thao & Dã Ngoại,Dụng Cụ Thể Thao & Dã Ngoại,Cắm Trại & Dã ngoại,Dụng Cụ Nấu Ăn Dã Ngoại,-,101828,
Thể Thao & Dã Ngoại,Dụng Cụ Thể Thao & Dã Ngoại,Cắm Trại & Dã ngoại,Đèn & Đèn Pin,-,101829,
Thể Thao & Dã Ngoại,Dụng Cụ Thể Thao & Dã Ngoại,Cắm Trại & Dã ngoại,Lều & Phụ Kiện,-,101830,
Thể Thao & Dã Ngoại,Dụng Cụ Thể Thao & Dã Ngoại,Cắm Trại & Dã ngoại,Túi Ngủ,-,101831,
Thể Thao & Dã Ngoại,Dụng Cụ Thể Thao & Dã Ngoại,Cắm Trại & Dã ngoại,Ống Nhòm & Kính Thiên Văn,-,101832,
Thể Thao & Dã Ngoại,Dụng Cụ Thể Thao & Dã Ngoại,Cắm Trại & Dã ngoại,La Bàn,-,101833,
Thể Thao & Dã Ngoại,Dụng Cụ Thể Thao & Dã Ngoại,Cắm Trại & Dã ngoại,Dao & Bộ Dụng Cụ Cắm Trại,-,101834,
Thể Thao & Dã Ngoại,Dụng Cụ Thể Thao & Dã Ngoại,Cắm Trại & Dã ngoại,Võng,-,101835,
Thể Thao & Dã Ngoại,Dụng Cụ Thể Thao & Dã Ngoại,Cắm Trại & Dã ngoại,Gậy Đi Bộ,-,101836,
Thể Thao & Dã Ngoại,Dụng Cụ Thể Thao & Dã Ngoại,Cắm Trại & Dã ngoại,Thảm & Giỏ Dã Ngoại,-,101837,
Thể Thao & Dã Ngoại,Dụng Cụ Thể Thao & Dã Ngoại,Cắm Trại & Dã ngoại,Khác,-,101838,
Thể Thao & Dã Ngoại,Dụng Cụ Thể Thao & Dã Ngoại,Leo Núi,-,-,101274,
Thể Thao & Dã Ngoại,Dụng Cụ Thể Thao & Dã Ngoại,Thể Thao Ván Trượt,Ván Trượt & Giày Patin,-,101839,
Thể Thao & Dã Ngoại,Dụng Cụ Thể Thao & Dã Ngoại,Thể Thao Ván Trượt,Scooters & Xe Đạp 1 Bánh,-,101840,
Thể Thao & Dã Ngoại,Dụng Cụ Thể Thao & Dã Ngoại,Thể Thao Ván Trượt,Xe Điện Cân Bằng,-,101841,
Thể Thao & Dã Ngoại,Dụng Cụ Thể Thao & Dã Ngoại,Thể Thao Ván Trượt,Nón Bảo Hiểm & Đồ Bảo Hộ,-,101842,
Thể Thao & Dã Ngoại,Dụng Cụ Thể Thao & Dã Ngoại,"Bóng Đá, Futsal & Cầu Mây",Bóng,-,101847,
Thể Thao & Dã Ngoại,Dụng Cụ Thể Thao & Dã Ngoại,"Bóng Đá, Futsal & Cầu Mây",Găng Tay & Ống Đồng,-,101848,
Thể Thao & Dã Ngoại,Dụng Cụ Thể Thao & Dã Ngoại,"Bóng Đá, Futsal & Cầu Mây",Khung Thành & Lưới,-,101849,
Thể Thao & Dã Ngoại,Dụng Cụ Thể Thao & Dã Ngoại,Bóng Rổ,Banh Bóng Rổ,-,101851,
Thể Thao & Dã Ngoại,Dụng Cụ Thể Thao & Dã Ngoại,Bóng Rổ,Khung Lưới Bóng Rổ,-,101852,
Thể Thao & Dã Ngoại,Dụng Cụ Thể Thao & Dã Ngoại,Bóng Rổ,Vật Dụng Khác,-,101853,
Thể Thao & Dã Ngoại,Dụng Cụ Thể Thao & Dã Ngoại,Bóng Chuyền,Banh Bóng Chuyền,-,101854,
Thể Thao & Dã Ngoại,Dụng Cụ Thể Thao & Dã Ngoại,Bóng Chuyền,Lưới Bóng Chuyền,-,101855,
Thể Thao & Dã Ngoại,Dụng Cụ Thể Thao & Dã Ngoại,Cầu Lông,Vợt Cầu Lông,-,101857,
Thể Thao & Dã Ngoại,Dụng Cụ Thể Thao & Dã Ngoại,Cầu Lông,Quả Cầu,-,101858,
Thể Thao & Dã Ngoại,Dụng Cụ Thể Thao & Dã Ngoại,Cầu Lông,Lưới Cầu Lông,-,101859,
Thể Thao & Dã Ngoại,Dụng Cụ Thể Thao & Dã Ngoại,Cầu Lông,Khác,-,101860,
Thể Thao & Dã Ngoại,Dụng Cụ Thể Thao & Dã Ngoại,Tennis,Vợt Tennis,-,101861,
Thể Thao & Dã Ngoại,Dụng Cụ Thể Thao & Dã Ngoại,Tennis,Banh Tennis,-,101862,
Thể Thao & Dã Ngoại,Dụng Cụ Thể Thao & Dã Ngoại,Tennis,Lưới Tennis,-,101863,
Thể Thao & Dã Ngoại,Dụng Cụ Thể Thao & Dã Ngoại,Tennis,Khác,-,101864,
Thể Thao & Dã Ngoại,Dụng Cụ Thể Thao & Dã Ngoại,Bóng Bàn,Banh Bóng Bàn,-,101865,
Thể Thao & Dã Ngoại,Dụng Cụ Thể Thao & Dã Ngoại,Bóng Bàn,Vợt Bóng Bàn,-,101866,
Thể Thao & Dã Ngoại,Dụng Cụ Thể Thao & Dã Ngoại,Bóng Bàn,Lưới Bóng Bàn,-,101867,
Thể Thao & Dã Ngoại,Dụng Cụ Thể Thao & Dã Ngoại,Đấm bốc & Võ Tổng Hợp,Bao Cát & Đệm,-,101869,
Thể Thao & Dã Ngoại,Dụng Cụ Thể Thao & Dã Ngoại,Đấm bốc & Võ Tổng Hợp,Đai Võ,-,101870,
Thể Thao & Dã Ngoại,Dụng Cụ Thể Thao & Dã Ngoại,Đấm bốc & Võ Tổng Hợp,"Găng Tay, Bao Tay & Mũ Bảo Hộ",-,101871,
Thể Thao & Dã Ngoại,Dụng Cụ Thể Thao & Dã Ngoại,Golf,Bóng Golf,-,101873,
Thể Thao & Dã Ngoại,Dụng Cụ Thể Thao & Dã Ngoại,Golf,Gậy Golf,-,101874,
Thể Thao & Dã Ngoại,Dụng Cụ Thể Thao & Dã Ngoại,Golf,Đồ Bảo Hộ & Luyện Tập,-,101875,
Thể Thao & Dã Ngoại,Dụng Cụ Thể Thao & Dã Ngoại,Golf,Túi Đựng Dụng Cụ Golf,-,101876,
Thể Thao & Dã Ngoại,Dụng Cụ Thể Thao & Dã Ngoại,Golf,Khác,-,101877,
Thể Thao & Dã Ngoại,Dụng Cụ Thể Thao & Dã Ngoại,Bóng Chày & Bóng Ném,-,-,101285,
Thể Thao & Dã Ngoại,Dụng Cụ Thể Thao & Dã Ngoại,Bóng Quần,-,-,101286,
Thể Thao & Dã Ngoại,Dụng Cụ Thể Thao & Dã Ngoại,Bắn Súng & Game Sinh Tồn,-,-,101287,
Thể Thao & Dã Ngoại,Dụng Cụ Thể Thao & Dã Ngoại,Bóng Bầu Dục,-,-,101288,
Thể Thao & Dã Ngoại,Dụng Cụ Thể Thao & Dã Ngoại,Bida,-,-,101289,
Thể Thao & Dã Ngoại,Dụng Cụ Thể Thao & Dã Ngoại,Lướt Ván,-,-,101290,
Thể Thao & Dã Ngoại,Dụng Cụ Thể Thao & Dã Ngoại,Trượt Tuyết & Thể Thao Mùa Đông,-,-,101291,
Thể Thao & Dã Ngoại,Dụng Cụ Thể Thao & Dã Ngoại,Bơi Lội & Lặn,Mũ Bơi,-,101878,
Thể Thao & Dã Ngoại,Dụng Cụ Thể Thao & Dã Ngoại,Bơi Lội & Lặn,Kính Bơi,-,101879,
Thể Thao & Dã Ngoại,Dụng Cụ Thể Thao & Dã Ngoại,Bơi Lội & Lặn,Ván Tập Bơi,-,101880,
Thể Thao & Dã Ngoại,Dụng Cụ Thể Thao & Dã Ngoại,Bơi Lội & Lặn,Đèn Lặn,-,101881,
Thể Thao & Dã Ngoại,Dụng Cụ Thể Thao & Dã Ngoại,Bơi Lội & Lặn,Mặt Nạ Lặn,-,101882,
Thể Thao & Dã Ngoại,Dụng Cụ Thể Thao & Dã Ngoại,Bơi Lội & Lặn,Chân Vịt Lặn,-,101883,
Thể Thao & Dã Ngoại,Dụng Cụ Thể Thao & Dã Ngoại,Bơi Lội & Lặn,Áo Phao,-,101884,
Thể Thao & Dã Ngoại,Dụng Cụ Thể Thao & Dã Ngoại,Chèo Thuyền,-,-,101293,
Thể Thao & Dã Ngoại,Dụng Cụ Thể Thao & Dã Ngoại,Yoga & Pilates,Thảm Yoga,-,101886,
Thể Thao & Dã Ngoại,Dụng Cụ Thể Thao & Dã Ngoại,Yoga & Pilates,Dụng Cụ Hỗ Trợ Yoga,-,101887,
Thể Thao & Dã Ngoại,Dụng Cụ Thể Thao & Dã Ngoại,Yoga & Pilates,Dây Đàn Hồi,-,101888,
Thể Thao & Dã Ngoại,Dụng Cụ Thể Thao & Dã Ngoại,Thiết Bị Thể Thao,Tạ Tập,-,101890,
Thể Thao & Dã Ngoại,Dụng Cụ Thể Thao & Dã Ngoại,Thiết Bị Thể Thao,Dây Nhảy,-,101891,
Thể Thao & Dã Ngoại,Dụng Cụ Thể Thao & Dã Ngoại,Thiết Bị Thể Thao,Bóng Tập Yoga & Gym,-,101892,
Thể Thao & Dã Ngoại,Dụng Cụ Thể Thao & Dã Ngoại,Thiết Bị Thể Thao,Máy Tập,-,101893,
Thể Thao & Dã Ngoại,Dụng Cụ Thể Thao & Dã Ngoại,Thiết Bị Thể Thao,Con Lăn Tập Bụng,-,101894,
Thể Thao & Dã Ngoại,Dụng Cụ Thể Thao & Dã Ngoại,Thiết Bị Thể Thao,Xà & Dụng Cụ Chống Đẩy,-,101895,
Thể Thao & Dã Ngoại,Dụng Cụ Thể Thao & Dã Ngoại,Thiết Bị Thể Thao,Khác,-,101896,
Thể Thao & Dã Ngoại,Dụng Cụ Thể Thao & Dã Ngoại,Ném Phi Tiêu,-,-,101296,
Thể Thao & Dã Ngoại,Dụng Cụ Thể Thao & Dã Ngoại,Môn Thể Thao Khác,-,-,101297,
Thể Thao & Dã Ngoại,Giày Thể Thao,Giày Bóng Rổ,-,-,101298,
Thể Thao & Dã Ngoại,Giày Thể Thao,Giày Chạy Bộ,-,-,101299,
Thể Thao & Dã Ngoại,Giày Thể Thao,Giày Tập Luyện,-,-,101300,
Thể Thao & Dã Ngoại,Giày Thể Thao,Giày Tennis,-,-,101301,
Thể Thao & Dã Ngoại,Giày Thể Thao,Giày Bóng Chuyền,-,-,101302,
Thể Thao & Dã Ngoại,Giày Thể Thao,Giày Cầu Lông,-,-,101303,
Thể Thao & Dã Ngoại,Giày Thể Thao,Giày Futsal,-,-,101304,
Thể Thao & Dã Ngoại,Giày Thể Thao,Giày Dã Ngoại,-,-,101305,
Thể Thao & Dã Ngoại,Giày Thể Thao,Giày Bóng Đá,-,-,101306,
Thể Thao & Dã Ngoại,Giày Thể Thao,Giày Thể Thao Trẻ Em,-,-,101307,
Thể Thao & Dã Ngoại,Giày Thể Thao,Giày Thể Thao Khác,-,-,101308,
Thể Thao & Dã Ngoại,Thời Trang Thể Thao & Dã Ngoại,Bộ Đồ Thể Thao,-,-,101309,
Thể Thao & Dã Ngoại,Thời Trang Thể Thao & Dã Ngoại,Áo Khoác,-,-,101310,
Thể Thao & Dã Ngoại,Thời Trang Thể Thao & Dã Ngoại,Áo Thể Thao,-,-,101311,
Thể Thao & Dã Ngoại,Thời Trang Thể Thao & Dã Ngoại,Áo CLB,-,-,101312,
Thể Thao & Dã Ngoại,Thời Trang Thể Thao & Dã Ngoại,Quần Thể Thao,-,-,101313,
Thể Thao & Dã Ngoại,Thời Trang Thể Thao & Dã Ngoại,Đồ Bơi,Quần Bơi,-,101897,
Thể Thao & Dã Ngoại,Thời Trang Thể Thao & Dã Ngoại,Đồ Bơi,Bộ Bikini,-,101898,
Thể Thao & Dã Ngoại,Thời Trang Thể Thao & Dã Ngoại,Đồ Bơi,Đồ Bơi Một Mảnh,-,101899,
Thể Thao & Dã Ngoại,Thời Trang Thể Thao & Dã Ngoại,Đồ Bơi,Áo Bơi Kín,-,101900,
Thể Thao & Dã Ngoại,Thời Trang Thể Thao & Dã Ngoại,Áo Lót Thể Thao,-,-,101315,
Thể Thao & Dã Ngoại,Thời Trang Thể Thao & Dã Ngoại,Thời Trang Thể Thao Trẻ Em,-,-,101316,
Thể Thao & Dã Ngoại,Phụ Kiện Thể Thao & Dã Ngoại,Đồng Hồ Bấm Giây & Máy Đếm Bước Chân,-,-,101318,
Thể Thao & Dã Ngoại,Phụ Kiện Thể Thao & Dã Ngoại,Túi Đựng Giày,-,-,101319,
Thể Thao & Dã Ngoại,Phụ Kiện Thể Thao & Dã Ngoại,Vòng Tay Thể Thao,-,-,101320,
Thể Thao & Dã Ngoại,Phụ Kiện Thể Thao & Dã Ngoại,Băng Đô Thể Thao,-,-,101321,
Thể Thao & Dã Ngoại,Phụ Kiện Thể Thao & Dã Ngoại,Mũ Thể Thao & Dã Ngoại,-,-,101322,
Thể Thao & Dã Ngoại,Phụ Kiện Thể Thao & Dã Ngoại,Túi Chống Thấm,-,-,101323,
Thể Thao & Dã Ngoại,Phụ Kiện Thể Thao & Dã Ngoại,Áo Mưa,-,-,101324,
Thể Thao & Dã Ngoại,Phụ Kiện Thể Thao & Dã Ngoại,Ô/Dù,-,-,101325,
Thể Thao & Dã Ngoại,Phụ Kiện Thể Thao & Dã Ngoại,Dụng Cụ Bảo Vệ Miệng & Băng Keo Thể Thao,-,-,101326,
Thể Thao & Dã Ngoại,Phụ Kiện Thể Thao & Dã Ngoại,Phụ Kiện Tập Luyện,-,-,101327,
Thể Thao & Dã Ngoại,Phụ Kiện Thể Thao & Dã Ngoại,Đồ Bảo Hộ Gym,-,-,101328,
Văn Phòng Phẩm,Quà Tặng - Giấy Gói,Giấy Gói Quà,-,-,101330,
Văn Phòng Phẩm,Quà Tặng - Giấy Gói,Hộp Quà Tặng,-,-,101331,
Văn Phòng Phẩm,Quà Tặng - Giấy Gói,Túi Quà Tặng,-,-,101332,
Văn Phòng Phẩm,Quà Tặng - Giấy Gói,Ruy Băng,-,-,101333,
Văn Phòng Phẩm,Quà Tặng - Giấy Gói,Xốp Chống Sốc,-,-,101334,
Văn Phòng Phẩm,Quà Tặng - Giấy Gói,Hộp Carton,-,-,101335,
Văn Phòng Phẩm,Quà Tặng - Giấy Gói,Khác,-,-,101336,
Văn Phòng Phẩm,Bút Các Loại,Bút & Mực,-,-,101337,
Văn Phòng Phẩm,Bút Các Loại,Bút Chì,-,-,101338,
Văn Phòng Phẩm,Bút Các Loại,Dụng Cụ Tẩy Xóa,-,-,101339,
Văn Phòng Phẩm,Bút Các Loại,Bút Lông Màu,-,-,101340,
Văn Phòng Phẩm,Bút Các Loại,Bút Dạ Quang,-,-,101341,
Văn Phòng Phẩm,Thiết Bị Trường Học,Bảng Viết & Giá Treo Bảng,-,-,101343,
Văn Phòng Phẩm,Thiết Bị Trường Học,Máy tính cầm tay,-,-,101344,
Văn Phòng Phẩm,Thiết Bị Trường Học,Dao Rọc Giấy & Máy Cắt Giấy,-,-,101345,
Văn Phòng Phẩm,Thiết Bị Trường Học,Dây & Băng Keo Dán,-,-,101346,
Văn Phòng Phẩm,Thiết Bị Trường Học,Hồ Dán,-,-,101347,
Văn Phòng Phẩm,Thiết Bị Trường Học,Máy In Nhãn,-,-,101348,
Văn Phòng Phẩm,Thiết Bị Trường Học,Dây Đeo Thẻ & Thẻ Tên,-,-,101349,
Văn Phòng Phẩm,Thiết Bị Trường Học,Kẹp & Ghim Bấm,-,-,101350,
Văn Phòng Phẩm,Thiết Bị Trường Học,Máy Đục Lỗ,-,-,101351,
Văn Phòng Phẩm,Thiết Bị Trường Học,Kéo,-,-,101352,
Văn Phòng Phẩm,Thiết Bị Trường Học,Mực Đóng Dấu,-,-,101353,
Văn Phòng Phẩm,Thiết Bị Trường Học,Đồ Bấm Kim và Kim Bấm,-,-,101354,
Văn Phòng Phẩm,Thiết Bị Trường Học,Lịch,-,-,101355,
Văn Phòng Phẩm,Thiết Bị Trường Học,Dụng Cụ Lưu Trữ Giấy Tờ,-,-,101356,
Văn Phòng Phẩm,Thiết Bị Trường Học,Thước Các Loại & Giấy Nến,-,-,101357,
Văn Phòng Phẩm,Thiết Bị Trường Học,Gọt bút chì,-,-,101358,
Văn Phòng Phẩm,Thiết Bị Trường Học,Hộp Bút,-,-,101359,
Văn Phòng Phẩm,Thiết Bị Trường Học,Khác,-,-,101360,
Văn Phòng Phẩm,Họa cụ,Bút Chì Màu,-,-,101361,
Văn Phòng Phẩm,Họa cụ,Bút Màu & Phấn Màu,-,-,101362,
Văn Phòng Phẩm,Họa cụ,Màu Nước,-,-,101363,
Văn Phòng Phẩm,Họa cụ,Sơn Dầu,-,-,101364,
Văn Phòng Phẩm,Họa cụ,Sơn Acrylic,-,-,101365,
Văn Phòng Phẩm,Họa cụ,Cọ Vẽ,-,-,101366,
Văn Phòng Phẩm,Họa cụ,Bảng Màu,-,-,101367,
Văn Phòng Phẩm,Họa cụ,Vải & Giá Vẽ,-,-,101368,
Văn Phòng Phẩm,Họa cụ,Sổ vẽ phác thảo,-,-,101369,
Văn Phòng Phẩm,Họa cụ,Khác,-,-,101370,
Văn Phòng Phẩm,Sổ & Giấy Các Loại,Đánh Dấu Trang,-,-,101371,
Văn Phòng Phẩm,Sổ & Giấy Các Loại,Bọc Sách,-,-,101372,
Văn Phòng Phẩm,Sổ & Giấy Các Loại,Giấy Nhiệt,-,-,101373,
Văn Phòng Phẩm,Sổ & Giấy Các Loại,Giấy In,-,-,101374,
Văn Phòng Phẩm,Sổ & Giấy Các Loại,Ruột Sổ,-,-,101375,
Văn Phòng Phẩm,Sổ & Giấy Các Loại,Giấy Ghi Chú,-,-,101376,
Văn Phòng Phẩm,Sổ & Giấy Các Loại,Giấy Mỹ Thuật,-,-,101377,
Văn Phòng Phẩm,Sổ & Giấy Các Loại,"Tập, Vở Các Loại",-,-,101378,
Văn Phòng Phẩm,Sổ & Giấy Các Loại,Nhãn Dán Các Loại,-,-,101379,
Văn Phòng Phẩm,Sổ & Giấy Các Loại,Khác,-,-,101380,
Văn Phòng Phẩm,Thư Tín,Phong Bì & Bao Lì Xì,-,-,101381,
Văn Phòng Phẩm,Thư Tín,Bưu Thiếp,-,-,101382,
Văn Phòng Phẩm,Thư Tín,Tem Các Loại,-,-,101383,
Văn Phòng Phẩm,Khác,-,-,-,100736,
Sở thích & Sưu tầm,Đồ Sưu Tầm,Mô hình nhân vật,-,-,101385,
Sở thích & Sưu tầm,Đồ Sưu Tầm,Tượng tĩnh,-,-,101386,
Sở thích & Sưu tầm,Đồ Sưu Tầm,Mô hình mecha/gundam,-,-,101387,
Sở thích & Sưu tầm,Đồ Sưu Tầm,Mô hình xe,-,-,101388,
Sở thích & Sưu tầm,Đồ Sưu Tầm,Bộ sưu tập nhân vật nổi tiếng,-,-,101390,
Sở thích & Sưu tầm,Đồ Sưu Tầm,Bộ sưu tập thể thao,-,-,101391,
Sở thích & Sưu tầm,Đồ Sưu Tầm,Bộ sưu tập hoạt hình truyện tranh,-,-,101392,
Sở thích & Sưu tầm,Đồ Sưu Tầm,Tiền xu & tiền giấy sưu tầm,-,-,101393,
Sở thích & Sưu tầm,Đồ Sưu Tầm,Khác,-,-,101394,
Sở thích & Sưu tầm,Quà Lưu Niệm,Quạt Cầm Tay,-,-,101395,
Sở thích & Sưu tầm,Quà Lưu Niệm,Móc khóa,-,-,101396,
Sở thích & Sưu tầm,Quà Lưu Niệm,Ống tiết kiệm,-,-,101397,
Sở thích & Sưu tầm,Quà Lưu Niệm,Nam Châm,-,-,101398,
Sở thích & Sưu tầm,Quà Lưu Niệm,Khác,-,-,101399,
Sở thích & Sưu tầm,Đồ chơi - Giải trí,Đồ chơi thẻ bài & boardgame,-,-,101400,
Sở thích & Sưu tầm,Đồ chơi - Giải trí,Đồ chơi ảo thuật,-,-,101401,
Sở thích & Sưu tầm,Đồ chơi - Giải trí,Đồ chơi chọc ghẹo,-,-,101402,
Sở thích & Sưu tầm,Đồ chơi - Giải trí,Đồ chơi rubik,-,-,101403,
Sở thích & Sưu tầm,Đồ chơi - Giải trí,Đồ chơi con xoay,-,-,101404,
Sở thích & Sưu tầm,Đồ chơi - Giải trí,Kendama,-,-,101405,
Sở thích & Sưu tầm,Đồ chơi - Giải trí,Yo yo,-,-,101406,
Sở thích & Sưu tầm,Đồ chơi - Giải trí,Đồ chơi điều khiển từ xa,-,-,101407,
Sở thích & Sưu tầm,Đồ chơi - Giải trí,Đồ chơi trứng,-,-,101408,
Sở thích & Sưu tầm,Đồ chơi - Giải trí,Khác,-,-,101409,
Sở thích & Sưu tầm,Băng - Đĩa,-,-,-,100740,
Sở thích & Sưu tầm,Nhạc Cụ & Phụ Kiện,Đàn Piano & Organ,-,-,101410,
Sở thích & Sưu tầm,Nhạc Cụ & Phụ Kiện,Nhạc Cụ Gõ,-,-,101411,
Sở thích & Sưu tầm,Nhạc Cụ & Phụ Kiện,"Sáo, kèn",-,-,101412,
Sở thích & Sưu tầm,Nhạc Cụ & Phụ Kiện,Phụ Kiện Âm Nhạc,-,-,101413,
Sở thích & Sưu tầm,Nhạc Cụ & Phụ Kiện,Nhạc Cụ Dây,Đàn Ukulele,-,102018,
Sở thích & Sưu tầm,Nhạc Cụ & Phụ Kiện,Nhạc Cụ Dây,Guitar & Bass,-,102019,
Sở thích & Sưu tầm,Nhạc Cụ & Phụ Kiện,Nhạc Cụ Dây,Khác,-,102020,
Sở thích & Sưu tầm,Đĩa Than,-,-,-,100742,
Sở thích & Sưu tầm,Album Ảnh,-,-,-,100743,
Sở thích & Sưu tầm,Dụng Cụ May Vá,-,-,-,100744,
Ô tô,Phụ kiện nội thất ô tô,Thiết bị định vị và Hệ thống hình ảnh/âm thanh,-,-,101415,
Ô tô,Phụ kiện nội thất ô tô,Hệ thống loa,-,-,101416,
Ô tô,Phụ kiện nội thất ô tô,Dụng cụ chứa,-,-,101417,
Ô tô,Phụ kiện nội thất ô tô,Thảm & Đệm lót,-,-,101419,
Ô tô,Phụ kiện nội thất ô tô,Gối tựa đầu & lưng,-,-,101420,
Ô tô,Phụ kiện nội thất ô tô,Nệm giường ô tô,-,-,101421,
Ô tô,Phụ kiện nội thất ô tô,Vô lăng & Bọc vô lăng,-,-,101422,
Ô tô,Phụ kiện nội thất ô tô,Ghế & Áo ghế,-,-,101423,
Ô tô,Phụ kiện nội thất ô tô,Giá đỡ điện thoại,-,-,101424,
Ô tô,Phụ kiện nội thất ô tô,"Cốc sạc USB, Thiết bị thu phát FM & Bluetooth",-,-,101425,
Ô tô,Phụ kiện nội thất ô tô,Chân ga và Cần số,-,-,101426,
Ô tô,Phụ kiện nội thất ô tô,Tấm che nắng và Thảm Taplo,-,-,101427,
Ô tô,Phụ kiện nội thất ô tô,Khóa và thiết bị chống trộm,-,-,101428,
Ô tô,Phụ kiện nội thất ô tô,Camera hành trình & Camera lùi,-,-,101429,
Ô tô,Phụ kiện nội thất ô tô,"HUD, Đồng hồ tốc độ, Đồng hồ số",-,-,101430,
Ô tô,Phụ kiện nội thất ô tô,Khác,-,-,101431,
Ô tô,Phụ kiện ngoại thất ô tô,Nẹp viền,-,-,101432,
Ô tô,Phụ kiện ngoại thất ô tô,Ăng-ten thu phát sóng,-,-,101433,
Ô tô,Phụ kiện ngoại thất ô tô,Bạt phủ,-,-,101434,
Ô tô,Phụ kiện ngoại thất ô tô,"Hình dán, logo, huy hiệu",-,-,101435,
Ô tô,Phụ kiện ngoại thất ô tô,Tấm chắn bùn,-,-,101436,
Ô tô,Phụ kiện ngoại thất ô tô,Nẹp cửa chống trầy,-,-,101437,
Ô tô,Phụ kiện ngoại thất ô tô,Rãnh thoát nước mưa,-,-,101438,
Ô tô,Phụ kiện ngoại thất ô tô,Còi & phụ kiện,-,-,101439,
Ô tô,Phụ kiện ngoại thất ô tô,Gương & Phụ kiện,-,-,101440,
Ô tô,Phụ kiện ngoại thất ô tô,Phụ kiện biển số,-,-,101441,
Ô tô,Phụ kiện ngoại thất ô tô,Khác,-,-,101442,
Ô tô,Phụ tùng ô tô,Hệ thống khung xe và giảm sóc,-,-,101443,
Ô tô,Phụ tùng ô tô,Cần gạt nước & vòng đệm kính chắn gió,-,-,101444,
Ô tô,Phụ tùng ô tô,Hệ thống khí xả,-,-,101445,
Ô tô,Phụ tùng ô tô,"Bánh xe, Vành & Phụ kiện",-,-,101446,
Ô tô,Phụ tùng ô tô,Lốp & Phụ kiện,-,-,101447,
Ô tô,Phụ tùng ô tô,"Giảm xóc, thanh chống và hệ thống treo",-,-,101448,
Ô tô,Phụ tùng ô tô,"Bộ tản nhiệt, Làm mát động cơ & Kiểm soát nhiệt",-,-,101449,
Ô tô,Phụ tùng ô tô,"Hệ thống truyền động, hộp số & ly hợp",-,-,101450,
Ô tô,Phụ tùng ô tô,Vòng bi & con dấu,-,-,101451,
Ô tô,Phụ tùng ô tô,Bộ phận động cơ,Pít tông,-,101902,
Ô tô,Phụ tùng ô tô,Bộ phận động cơ,Bộ lọc khí,-,101903,
Ô tô,Phụ tùng ô tô,Bộ phận động cơ,Bộ lọc dầu,-,101904,
Ô tô,Phụ tùng ô tô,Bộ phận động cơ,Khác,-,101905,
Ô tô,Phụ tùng ô tô,Hệ thống phanh,-,-,101453,
Ô tô,Phụ tùng ô tô,Dây chuyền động,-,-,101454,
Ô tô,Phụ tùng ô tô,Thiết bị điện tử,Bộ phận đánh lửa,Cuộn dây đánh lửa,101929,
Ô tô,Phụ tùng ô tô,Thiết bị điện tử,Bộ phận đánh lửa,Bugi,101930,
Ô tô,Phụ tùng ô tô,Thiết bị điện tử,Bộ phận đánh lửa,Khác,101931,
Ô tô,Phụ tùng ô tô,Thiết bị điện tử,Pin & Phụ kiện,-,101907,
Ô tô,Phụ tùng ô tô,Thiết bị điện tử,Đèn,-,101908,
Ô tô,Phụ tùng ô tô,Thiết bị điện tử,Khác,-,101909,
Ô tô,Phụ tùng ô tô,Hệ thống xử lý nhiên liệu,-,-,101456,
Ô tô,Dụng cụ sửa chữa ô tô,"Dụng cụ Kiểm tra, chẩn đoán & sửa chữa",-,-,101458,
Ô tô,Dụng cụ sửa chữa ô tô,Máy đo áp suất lốp,-,-,101459,
Ô tô,Chăm sóc ô tô,Khác,-,-,101466,
Ô tô,Dầu nhớt và phụ gia ô tô,Dầu máy,Khác,-,101912,
Ô tô,Móc chìa khóa và Bọc chìa ô tô,-,-,-,100753,
"Mô tô, xe máy","Mô tô, xe máy",-,-,-,100755,
"Mô tô, xe máy",Phụ kiện xe máy,Lót sàn,-,-,101473,
"Mô tô, xe máy",Phụ kiện xe máy,Đồng hồ đo,-,-,101474,
"Mô tô, xe máy",Phụ kiện xe máy,Bạt phủ,-,-,101475,
"Mô tô, xe máy",Phụ kiện xe máy,"Hình dán, logo, huy hiệu",-,-,101476,
"Mô tô, xe máy",Phụ kiện xe máy,Ghế & bọc ghế,-,-,101477,
"Mô tô, xe máy",Phụ kiện xe máy,Gương và phụ kiện,-,-,101478,
"Mô tô, xe máy",Phụ kiện xe máy,Khóa và thiết bị chống trộm,-,-,101479,
"Mô tô, xe máy",Phụ kiện xe máy,Thùng chứa đồ,-,-,101480,
"Mô tô, xe máy",Phụ kiện xe máy,Giá đỡ điện thoại,-,-,101481,
"Mô tô, xe máy",Phụ kiện xe máy,Tấm chắn bùn,-,-,101482,
"Mô tô, xe máy",Phụ kiện xe máy,Khác,-,-,101483,
"Mô tô, xe máy",Phụ tùng xe máy,Bộ phận đánh lửa & động cơ,Bộ tản nhiệt,-,101913,
"Mô tô, xe máy",Phụ tùng xe máy,Bộ phận đánh lửa & động cơ,Pít tông,-,101914,
"Mô tô, xe máy",Phụ tùng xe máy,Bộ phận đánh lửa & động cơ,Hộp đánh lửa & hộp đen,-,101915,
"Mô tô, xe máy",Phụ tùng xe máy,Bộ phận đánh lửa & động cơ,Bugi,-,101916,
"Mô tô, xe máy",Phụ tùng xe máy,Bộ phận đánh lửa & động cơ,Cuộn dây đánh lửa,-,101917,
"Mô tô, xe máy",Phụ tùng xe máy,Bộ phận đánh lửa & động cơ,Dây Curoa,-,101918,
"Mô tô, xe máy",Phụ tùng xe máy,Bộ phận đánh lửa & động cơ,Lọc gió,-,101919,
"Mô tô, xe máy",Phụ tùng xe máy,Bộ phận đánh lửa & động cơ,Khác,-,101920,
"Mô tô, xe máy",Phụ tùng xe máy,Hệ thống xử lý nhiên liệu,-,-,101485,
"Mô tô, xe máy",Phụ tùng xe máy,Hệ thống phanh,-,-,101486,
"Mô tô, xe máy",Phụ tùng xe máy,Hệ thống giảm xóc,-,-,101487,
"Mô tô, xe máy",Phụ tùng xe máy,Hệ thống dẫn động,Phụ tùng nhông xích,-,101921,
"Mô tô, xe máy",Phụ tùng xe máy,Hệ thống dẫn động,Bộ ly hợp,-,101922,
"Mô tô, xe máy",Phụ tùng xe máy,Hệ thống dẫn động,Vòng bi,-,101923,
"Mô tô, xe máy",Phụ tùng xe máy,Còi & Phụ kiện,-,-,101490,
"Mô tô, xe máy",Phụ tùng xe máy,Dây cáp & Ống,-,-,101491,
"Mô tô, xe máy",Phụ tùng xe máy,Hệ thống khung xe,-,-,101492,
"Mô tô, xe máy",Phụ tùng xe máy,Hệ thống khí xả,-,-,101493,
"Mô tô, xe máy",Phụ tùng xe máy,"Bánh xe, Vành & Phụ kiện",-,-,101494,
"Mô tô, xe máy",Phụ tùng xe máy,Lốp xe & Phụ kiện,-,-,101495,
"Mô tô, xe máy",Phụ tùng xe máy,Đèn,-,-,101496,
"Mô tô, xe máy",Phụ tùng xe máy,Khác,-,-,101497,
"Mô tô, xe máy",Mũ bảo hiểm & Phụ kiện,-,-,-,100758,
"Mô tô, xe máy",Khác,-,-,-,100759,
Sách & Tạp Chí,Tạp Chí & Báo Giấy,Tạp Chí Kinh Tế,-,-,101536,
Sách & Tạp Chí,Tạp Chí & Báo Giấy,Tạp Chí Đời Sống,-,-,101537,
Sách & Tạp Chí,Tạp Chí & Báo Giấy,Tạp Chí Tuổi Teen,-,-,101538,
Sách & Tạp Chí,Sách,Sách Thiếu Nhi,-,-,101541,
Sách & Tạp Chí,Sách,Sách Dạy Nấu Ăn,-,-,101545,
Sách & Tạp Chí,Sách,Sách Học Ngoại Ngữ & Từ Điển,-,-,101551,
Sách & Tạp Chí,Sách,Văn Học Kinh Điển,-,-,101555,
Sách & Tạp Chí,Sách,Văn Học Lãng Mạn,-,-,101558,
Sách & Tạp Chí,Sách,Sách Tôn giáo & Triết học,-,-,101564,
Máy tính & Laptop,Máy Tính Bàn,Bộ Máy Tính Bàn,-,-,101944,
Máy tính & Laptop,Máy Tính Bàn,Máy Tính Mini,-,-,101945,
Máy tính & Laptop,Máy Tính Bàn,Máy Chủ,-,-,101946,
Máy tính & Laptop,Máy Tính Bàn,Máy Tính All in one,-,-,101947,
Máy tính & Laptop,Màn Hình,-,-,-,101933,
Máy tính & Laptop,Linh Kiện Máy Tính,Quạt và Tản Nhiệt,-,-,101949,
Máy tính & Laptop,Linh Kiện Máy Tính,CPU - Bộ Vi Xử Lý,-,-,101950,
Máy tính & Laptop,Linh Kiện Máy Tính,Mainboard - Bo Mạch Chủ,-,-,101951,
Máy tính & Laptop,Linh Kiện Máy Tính,VGA - Card Màn Hình,-,-,101952,
Máy tính & Laptop,Linh Kiện Máy Tính,Keo Tản Nhiệt,-,-,101953,
Máy tính & Laptop,Linh Kiện Máy Tính,Nguồn Máy Tính,-,-,101954,
Máy tính & Laptop,Linh Kiện Máy Tính,Ram Máy Tính,-,-,101955,
Máy tính & Laptop,Linh Kiện Máy Tính,Bộ Lưu Điện,-,-,101956,
Máy tính & Laptop,Linh Kiện Máy Tính,Case Máy Tính,-,-,101957,
Máy tính & Laptop,Linh Kiện Máy Tính,Ổ Đĩa Quang,-,-,101958,
Máy tính & Laptop,Linh Kiện Máy Tính,Bo Mạch Âm Thanh,-,-,101959,
Máy tính & Laptop,Linh Kiện Máy Tính,Khác,-,-,101960,
Máy tính & Laptop,Thiết Bị Lưu Trữ,Ổ Cứng Di Động,-,-,101961,
Máy tính & Laptop,Thiết Bị Lưu Trữ,Ổ Cứng SSD,-,-,101962,
Máy tính & Laptop,Thiết Bị Lưu Trữ,Ổ Cứng Mạng (NAS),-,-,101963,
Máy tính & Laptop,Thiết Bị Lưu Trữ,USB & OTG,-,-,101964,
Máy tính & Laptop,Thiết Bị Lưu Trữ,Thiết Bị Đựng Ổ Cứng,-,-,101965,
Máy tính & Laptop,Thiết Bị Lưu Trữ,Đĩa CD,-,-,101966,
Máy tính & Laptop,Thiết Bị Mạng,Bộ Phát Wifi,-,-,101968,
Máy tính & Laptop,Thiết Bị Mạng,Bộ Kích Wifi,-,-,101969,
Máy tính & Laptop,Thiết Bị Mạng,Bộ Thu Wifi,-,-,101970,
Máy tính & Laptop,Thiết Bị Mạng,Bộ Chuyển Đổi Mạng,-,-,101971,
Máy tính & Laptop,Thiết Bị Mạng,Bộ chia mạng,-,-,101972,
Máy tính & Laptop,Thiết Bị Mạng,Cáp Máy Tính,-,-,101973,
Máy tính & Laptop,Thiết Bị Mạng,Bộ Chuyển Mạch KVM,-,-,101974,
Máy tính & Laptop,Thiết Bị Mạng,Máy Chủ Máy In,-,-,101975,
Máy tính & Laptop,Phần Mềm,-,-,-,101937,
Máy tính & Laptop,Thiết Bị Văn Phòng,Máy Đánh Chữ,-,-,101977,
Máy tính & Laptop,Thiết Bị Văn Phòng,Máy Chấm Công,-,-,101978,
Máy tính & Laptop,Thiết Bị Văn Phòng,Máy Hủy Tài Liệu,-,-,101979,
Máy tính & Laptop,Thiết Bị Văn Phòng,Máy Đếm Tiền,-,-,101980,
Máy tính & Laptop,Máy In & Máy Scan,"Máy In, Máy Scan & Máy Photo",-,-,101982,
Máy tính & Laptop,Máy In & Máy Scan,Máy In Mã Vạch,-,-,101983,
Máy tính & Laptop,Máy In & Máy Scan,Mực In & Khay Mực,-,-,101984,
Máy tính & Laptop,Máy In & Máy Scan,Máy In 3D,-,-,101985,
Máy tính & Laptop,Máy In & Máy Scan,Khác,-,-,101986,
Máy tính & Laptop,Phụ Kiện Máy Tính,Bộ chia cổng USB & Đọc thẻ nhớ,-,-,101987,
Máy tính & Laptop,Phụ Kiện Máy Tính,Webcam,-,-,101988,
Máy tính & Laptop,Phụ Kiện Máy Tính,Miếng Dán & Ốp Laptop,-,-,101989,
Máy tính & Laptop,Phụ Kiện Máy Tính,Đế Tản Nhiệt,-,-,101990,
Máy tính & Laptop,Phụ Kiện Máy Tính,Bàn Laptop,-,-,101991,
Máy tính & Laptop,Phụ Kiện Máy Tính,Miếng Dán Bàn Phím,-,-,101992,
Máy tính & Laptop,Phụ Kiện Máy Tính,Pin Laptop,-,-,101993,
Máy tính & Laptop,Phụ Kiện Máy Tính,Bộ Sạc Laptop,-,-,101994,
Máy tính & Laptop,Phụ Kiện Máy Tính,Thiết Bị Truyền Hình Hội Nghị,-,-,101995,
Máy tính & Laptop,Phụ Kiện Máy Tính,Bàn Di Chuột,-,-,101996,
Máy tính & Laptop,Chuột & Bàn Phím,Chuột Máy Tính,-,-,101998,
Máy tính & Laptop,Chuột & Bàn Phím,Bàn Phím Máy Tính,-,-,101999,
Máy tính & Laptop,Chuột & Bàn Phím,Bảng Vẽ Điện Tử,-,-,102000,
Máy tính & Laptop,Chuột & Bàn Phím,Khác,-,-,102001,
Máy tính & Laptop,Laptop,-,-,-,101942,
